Store,StoreType,Assortment,CompetitionDistance,CompetitionOpenSinceMonth,CompetitionOpenSinceYear,Promo2,Promo2SinceWeek,Promo2SinceYear,PromoInterval,CompetitionOpenDate,CompetitionOpen,HasPromo
1,c,a,1270,9,2008,0,,,[],2008-09-01,True,False
2,a,a,570,11,2007,1,13.0,2010.0,"['Jan', 'Apr', 'Jul', 'Oct']",2007-11-01,True,True
3,a,a,14130,12,2006,1,14.0,2011.0,"['Jan', 'Apr', 'Jul', 'Oct']",2006-12-01,True,True
4,c,c,620,9,2009,0,,,[],2009-09-01,True,False
5,a,a,29910,4,2015,0,,,[],2015-04-01,True,False
6,a,a,310,12,2013,0,,,[],2013-12-01,True,False
7,a,c,24000,4,2013,0,,,[],2013-04-01,True,False
8,a,a,7520,10,2014,0,,,[],2014-10-01,True,False
9,a,c,2030,8,2000,0,,,[],2000-08-01,True,False
10,a,a,3160,9,2009,0,,,[],2009-09-01,True,False
11,a,c,960,11,2011,1,1.0,2012.0,"['Jan', 'Apr', 'Jul', 'Oct']",2011-11-01,True,True
12,a,c,1070,0,0,1,13.0,2010.0,"['Jan', 'Apr', 'Jul', 'Oct']",,False,True
13,d,a,310,0,0,1,45.0,2009.0,"['Feb', 'May', 'Aug', 'Nov']",,False,True
14,a,a,1300,3,2014,1,40.0,2011.0,"['Jan', 'Apr', 'Jul', 'Oct']",2014-03-01,True,True
15,d,c,4110,3,2010,1,14.0,2011.0,"['Jan', 'Apr', 'Jul', 'Oct']",2010-03-01,True,True
16,a,c,3270,0,0,0,,,[],,False,False
17,a,a,50,12,2005,1,26.0,2010.0,"['Jan', 'Apr', 'Jul', 'Oct']",2005-12-01,True,True
18,d,c,13840,6,2010,1,14.0,2012.0,"['Jan', 'Apr', 'Jul', 'Oct']",2010-06-01,True,True
19,a,c,3240,0,0,1,22.0,2011.0,"['Mar', 'Jun', 'Sept', 'Dec']",,False,True
20,d,a,2340,5,2009,1,40.0,2014.0,"['Jan', 'Apr', 'Jul', 'Oct']",2009-05-01,True,True
21,c,c,550,10,1999,1,45.0,2009.0,"['Jan', 'Apr', 'Jul', 'Oct']",1999-10-01,True,True
22,a,a,1040,0,0,1,22.0,2012.0,"['Jan', 'Apr', 'Jul', 'Oct']",,False,True
23,d,a,4060,8,2005,0,,,[],2005-08-01,True,False
24,a,c,4590,3,2000,1,40.0,2011.0,"['Jan', 'Apr', 'Jul', 'Oct']",2000-03-01,True,True
25,c,a,430,4,2003,0,,,[],2003-04-01,True,False
26,d,a,2300,0,0,0,,,[],,False,False
27,a,a,60,1,2005,1,5.0,2011.0,"['Jan', 'Apr', 'Jul', 'Oct']",2005-01-01,True,True
28,a,a,1200,10,2014,1,6.0,2015.0,"['Mar', 'Jun', 'Sept', 'Dec']",2014-10-01,True,True
29,d,c,2170,0,0,0,,,[],,False,False
30,a,a,40,2,2014,1,10.0,2014.0,"['Mar', 'Jun', 'Sept', 'Dec']",2014-02-01,True,True
31,d,c,9800,7,2012,0,,,[],2012-07-01,True,False
32,a,a,2910,0,0,1,45.0,2009.0,"['Feb', 'May', 'Aug', 'Nov']",,False,True
33,a,c,1320,5,2013,0,,,[],2013-05-01,True,False
34,c,a,2240,9,2009,0,,,[],2009-09-01,True,False
35,d,c,7660,10,2000,1,1.0,2012.0,"['Jan', 'Apr', 'Jul', 'Oct']",2000-10-01,True,True
36,a,c,540,6,2003,1,40.0,2014.0,"['Jan', 'Apr', 'Jul', 'Oct']",2003-06-01,True,True
37,c,a,4230,12,2014,0,,,[],2014-12-01,True,False
38,d,a,1090,4,2007,0,,,[],2007-04-01,True,False
39,a,a,260,10,2006,1,31.0,2013.0,"['Feb', 'May', 'Aug', 'Nov']",2006-10-01,True,True
40,a,a,180,0,0,1,45.0,2009.0,"['Feb', 'May', 'Aug', 'Nov']",,False,True
41,d,c,1180,0,0,1,31.0,2013.0,"['Jan', 'Apr', 'Jul', 'Oct']",,False,True
42,a,c,290,0,0,1,40.0,2011.0,"['Jan', 'Apr', 'Jul', 'Oct']",,False,True
43,d,a,4880,0,0,1,37.0,2009.0,"['Jan', 'Apr', 'Jul', 'Oct']",,False,True
44,a,a,540,6,2011,0,,,[],2011-06-01,True,False
45,d,a,9710,2,2014,0,,,[],2014-02-01,True,False
46,c,a,1200,9,2005,1,14.0,2011.0,"['Jan', 'Apr', 'Jul', 'Oct']",2005-09-01,True,True
47,a,c,270,4,2013,1,14.0,2013.0,"['Jan', 'Apr', 'Jul', 'Oct']",2013-04-01,True,True
48,a,a,1060,5,2012,0,,,[],2012-05-01,True,False
49,d,c,18010,9,2007,0,,,[],2007-09-01,True,False
50,d,a,6260,11,2009,0,,,[],2009-11-01,True,False
51,a,c,10570,7,2013,1,9.0,2011.0,"['Jan', 'Apr', 'Jul', 'Oct']",2013-07-01,True,True
52,d,c,450,4,2014,1,39.0,2010.0,"['Jan', 'Apr', 'Jul', 'Oct']",2014-04-01,True,True
53,a,c,30360,9,2013,0,,,[],2013-09-01,True,False
54,d,c,7170,8,2014,1,5.0,2013.0,"['Feb', 'May', 'Aug', 'Nov']",2014-08-01,True,True
55,a,a,720,11,2004,0,,,[],2004-11-01,True,False
56,d,c,6620,3,2012,1,10.0,2014.0,"['Mar', 'Jun', 'Sept', 'Dec']",2012-03-01,True,True
57,d,c,420,6,2014,0,,,[],2014-06-01,True,False
58,a,c,7340,5,2008,1,27.0,2012.0,"['Jan', 'Apr', 'Jul', 'Oct']",2008-05-01,True,True
59,a,c,2840,6,2007,1,14.0,2011.0,"['Jan', 'Apr', 'Jul', 'Oct']",2007-06-01,True,True
60,d,c,5540,10,2009,0,,,[],2009-10-01,True,False
61,a,c,350,12,2007,1,1.0,2012.0,"['Jan', 'Apr', 'Jul', 'Oct']",2007-12-01,True,True
62,a,a,2050,0,0,0,,,[],,False,False
63,c,c,3700,6,2010,1,18.0,2010.0,"['Feb', 'May', 'Aug', 'Nov']",2010-06-01,True,True
64,d,c,22560,0,0,1,14.0,2013.0,"['Jan', 'Apr', 'Jul', 'Oct']",,False,True
65,a,c,13840,5,2010,1,1.0,2012.0,"['Jan', 'Apr', 'Jul', 'Oct']",2010-05-01,True,True
66,d,a,7660,0,0,1,37.0,2009.0,"['Jan', 'Apr', 'Jul', 'Oct']",,False,True
67,a,c,410,2,2006,0,,,[],2006-02-01,True,False
68,a,c,250,0,0,1,35.0,2012.0,"['Mar', 'Jun', 'Sept', 'Dec']",,False,True
69,c,c,1130,0,0,1,40.0,2011.0,"['Jan', 'Apr', 'Jul', 'Oct']",,False,True
70,c,c,4840,0,0,0,,,[],,False,False
71,a,a,17500,8,2008,1,37.0,2009.0,"['Mar', 'Jun', 'Sept', 'Dec']",2008-08-01,True,True
72,a,a,2200,12,2009,1,13.0,2010.0,"['Jan', 'Apr', 'Jul', 'Oct']",2009-12-01,True,True
73,a,c,1650,9,2008,0,,,[],2008-09-01,True,False
74,a,a,330,0,0,0,,,[],,False,False
75,d,c,22440,12,2013,0,,,[],2013-12-01,True,False
76,d,c,19960,3,2006,0,,,[],2006-03-01,True,False
77,d,c,1090,8,2009,1,10.0,2014.0,"['Jan', 'Apr', 'Jul', 'Oct']",2009-08-01,True,True
78,a,a,3510,11,2006,1,5.0,2013.0,"['Feb', 'May', 'Aug', 'Nov']",2006-11-01,True,True
79,a,a,3320,0,0,0,,,[],,False,False
80,d,a,7910,0,0,0,,,[],,False,False
81,a,a,2370,3,2011,1,40.0,2014.0,"['Jan', 'Apr', 'Jul', 'Oct']",2011-03-01,True,True
82,a,a,22390,4,2008,1,37.0,2009.0,"['Jan', 'Apr', 'Jul', 'Oct']",2008-04-01,True,True
83,a,a,2710,0,0,0,,,[],,False,False
84,a,c,11810,8,2014,0,,,[],2014-08-01,True,False
85,b,a,1870,10,2011,0,,,[],2011-10-01,True,False
86,a,a,480,2,2005,1,31.0,2013.0,"['Jan', 'Apr', 'Jul', 'Oct']",2005-02-01,True,True
87,a,a,560,12,2010,0,,,[],2010-12-01,True,False
88,a,a,10690,10,2005,0,,,[],2005-10-01,True,False
89,a,a,2380,7,2004,1,40.0,2014.0,"['Jan', 'Apr', 'Jul', 'Oct']",2004-07-01,True,True
90,a,a,330,11,2007,0,,,[],2007-11-01,True,False
91,c,a,2410,0,0,1,35.0,2011.0,"['Jan', 'Apr', 'Jul', 'Oct']",,False,True
92,c,a,240,0,0,1,45.0,2009.0,"['Feb', 'May', 'Aug', 'Nov']",,False,True
93,a,a,16690,0,0,1,14.0,2011.0,"['Jan', 'Apr', 'Jul', 'Oct']",,False,True
94,d,c,14620,0,0,0,,,[],,False,False
95,a,a,1890,10,2014,0,,,[],2014-10-01,True,False
96,a,a,8780,2,2005,1,37.0,2009.0,"['Jan', 'Apr', 'Jul', 'Oct']",2005-02-01,True,True
97,d,c,8980,0,0,0,,,[],,False,False
98,d,c,15140,12,2006,1,1.0,2012.0,"['Jan', 'Apr', 'Jul', 'Oct']",2006-12-01,True,True
99,c,c,2030,11,2003,1,22.0,2012.0,"['Mar', 'Jun', 'Sept', 'Dec']",2003-11-01,True,True
100,d,a,17930,0,0,0,,,[],,False,False
101,d,c,2440,0,0,1,22.0,2012.0,"['Mar', 'Jun', 'Sept', 'Dec']",,False,True
102,a,a,150,12,2007,1,10.0,2014.0,"['Mar', 'Jun', 'Sept', 'Dec']",2007-12-01,True,True
103,d,c,5210,5,2015,0,,,[],2015-05-01,True,False
104,a,a,390,6,2009,0,,,[],2009-06-01,True,False
105,a,c,6190,0,0,1,23.0,2013.0,"['Mar', 'Jun', 'Sept', 'Dec']",,False,True
106,a,a,1390,8,2013,0,,,[],2013-08-01,True,False
107,a,a,1930,9,2009,0,,,[],2009-09-01,True,False
108,d,c,2190,9,2003,0,,,[],2003-09-01,True,False
109,a,c,3300,11,2010,0,,,[],2010-11-01,True,False
110,a,c,46590,4,2013,0,,,[],2013-04-01,True,False
111,d,c,7890,0,0,1,37.0,2009.0,"['Jan', 'Apr', 'Jul', 'Oct']",,False,True
112,a,a,1630,9,2009,0,,,[],2009-09-01,True,False
113,d,c,20930,11,1999,0,,,[],1999-11-01,True,False
114,c,a,4510,0,0,1,48.0,2011.0,"['Mar', 'Jun', 'Sept', 'Dec']",,False,True
115,d,c,5740,4,2007,1,40.0,2014.0,"['Jan', 'Apr', 'Jul', 'Oct']",2007-04-01,True,True
116,a,a,680,4,2013,0,,,[],2013-04-01,True,False
117,a,a,3450,9,2011,0,,,[],2011-09-01,True,False
118,d,c,3580,9,2012,0,,,[],2012-09-01,True,False
119,a,c,2100,2,2010,0,,,[],2010-02-01,True,False
120,d,a,2290,12,2014,1,37.0,2009.0,"['Jan', 'Apr', 'Jul', 'Oct']",2014-12-01,True,True
121,a,a,3570,11,2009,1,36.0,2013.0,"['Mar', 'Jun', 'Sept', 'Dec']",2009-11-01,True,True
122,a,c,58260,4,2013,0,,,[],2013-04-01,True,False
123,a,a,16760,9,2011,0,,,[],2011-09-01,True,False
124,a,a,1410,4,2003,0,,,[],2003-04-01,True,False
125,a,a,760,12,2005,0,,,[],2005-12-01,True,False
126,d,a,3370,10,2014,1,18.0,2011.0,"['Feb', 'May', 'Aug', 'Nov']",2014-10-01,True,True
127,d,a,1350,12,2005,1,13.0,2010.0,"['Jan', 'Apr', 'Jul', 'Oct']",2005-12-01,True,True
128,d,c,2000,0,0,1,1.0,2013.0,"['Jan', 'Apr', 'Jul', 'Oct']",,False,True
129,a,a,2460,0,0,1,14.0,2011.0,"['Jan', 'Apr', 'Jul', 'Oct']",,False,True
130,c,a,900,0,0,1,13.0,2010.0,"['Jan', 'Apr', 'Jul', 'Oct']",,False,True
131,c,a,920,7,2015,0,,,[],2015-07-01,True,False
132,d,c,1040,0,0,1,27.0,2012.0,"['Jan', 'Apr', 'Jul', 'Oct']",,False,True
133,a,a,270,8,2013,1,10.0,2014.0,"['Mar', 'Jun', 'Sept', 'Dec']",2013-08-01,True,True
134,a,a,1200,9,2008,0,,,[],2008-09-01,True,False
135,d,a,5190,0,0,1,1.0,2013.0,"['Jan', 'Apr', 'Jul', 'Oct']",,False,True
136,a,c,2200,12,2010,1,22.0,2012.0,"['Feb', 'May', 'Aug', 'Nov']",2010-12-01,True,True
137,a,a,1730,7,2015,1,40.0,2014.0,"['Jan', 'Apr', 'Jul', 'Oct']",2015-07-01,True,True
138,a,c,25360,10,2014,0,,,[],2014-10-01,True,False
139,a,a,1700,1,2008,1,14.0,2011.0,"['Jan', 'Apr', 'Jul', 'Oct']",2008-01-01,True,True
140,a,c,1090,7,2010,1,1.0,2013.0,"['Jan', 'Apr', 'Jul', 'Oct']",2010-07-01,True,True
141,c,c,1540,0,0,1,22.0,2012.0,"['Mar', 'Jun', 'Sept', 'Dec']",,False,True
142,a,a,1090,7,2002,0,,,[],2002-07-01,True,False
143,d,a,2930,12,2002,0,,,[],2002-12-01,True,False
144,a,c,16570,0,0,0,,,[],,False,False
145,a,a,280,0,0,1,45.0,2009.0,"['Feb', 'May', 'Aug', 'Nov']",,False,True
146,d,c,8050,10,1961,1,48.0,2012.0,"['Jan', 'Apr', 'Jul', 'Oct']",1961-10-01,True,True
147,d,c,8540,0,0,0,,,[],,False,False
148,a,a,2090,12,2008,0,,,[],2008-12-01,True,False
149,d,a,2610,7,2006,1,14.0,2011.0,"['Jan', 'Apr', 'Jul', 'Oct']",2006-07-01,True,True
150,c,c,31830,3,2010,0,,,[],2010-03-01,True,False
151,d,c,4360,10,2005,0,,,[],2005-10-01,True,False
152,a,a,1780,0,0,0,,,[],,False,False
153,a,a,16240,10,2000,1,18.0,2011.0,"['Feb', 'May', 'Aug', 'Nov']",2000-10-01,True,True
154,d,c,16420,0,0,0,,,[],,False,False
155,d,a,3050,0,0,1,35.0,2010.0,"['Jan', 'Apr', 'Jul', 'Oct']",,False,True
156,a,a,2020,2,2011,1,14.0,2011.0,"['Mar', 'Jun', 'Sept', 'Dec']",2011-02-01,True,True
157,a,c,2950,10,2004,0,,,[],2004-10-01,True,False
158,d,c,11840,0,0,1,31.0,2009.0,"['Feb', 'May', 'Aug', 'Nov']",,False,True
159,d,a,8530,3,2013,0,,,[],2013-03-01,True,False
160,d,c,17110,11,2005,0,,,[],2005-11-01,True,False
161,a,c,2970,3,2005,0,,,[],2005-03-01,True,False
162,d,c,5340,3,2012,1,13.0,2010.0,"['Jan', 'Apr', 'Jul', 'Oct']",2012-03-01,True,True
163,a,a,1480,4,2009,0,,,[],2009-04-01,True,False
164,a,a,1160,9,2005,1,13.0,2010.0,"['Jan', 'Apr', 'Jul', 'Oct']",2005-09-01,True,True
165,a,a,3720,4,2005,1,13.0,2010.0,"['Jan', 'Apr', 'Jul', 'Oct']",2005-04-01,True,True
166,a,c,100,4,2014,1,31.0,2013.0,"['Jan', 'Apr', 'Jul', 'Oct']",2014-04-01,True,True
167,a,a,140,4,2008,0,,,[],2008-04-01,True,False
168,a,a,12540,0,0,0,,,[],,False,False
169,d,a,980,7,2014,1,18.0,2014.0,"['Feb', 'May', 'Aug', 'Nov']",2014-07-01,True,True
170,a,a,1070,5,2015,1,14.0,2011.0,"['Jan', 'Apr', 'Jul', 'Oct']",2015-05-01,True,True
171,a,a,2640,0,0,0,,,[],,False,False
172,a,a,110,0,0,1,40.0,2014.0,"['Jan', 'Apr', 'Jul', 'Oct']",,False,True
173,a,a,350,12,2012,0,,,[],2012-12-01,True,False
174,a,a,13090,0,0,1,22.0,2012.0,"['Jan', 'Apr', 'Jul', 'Oct']",,False,True
175,c,a,4130,0,0,0,,,[],,False,False
176,a,a,3770,0,0,0,,,[],,False,False
177,a,a,1250,2,2004,1,5.0,2013.0,"['Feb', 'May', 'Aug', 'Nov']",2004-02-01,True,True
178,d,a,1710,0,0,0,,,[],,False,False
179,a,c,480,0,0,0,,,[],,False,False
180,d,a,5800,9,2010,0,,,[],2010-09-01,True,False
181,a,a,12610,3,2013,1,14.0,2011.0,"['Jan', 'Apr', 'Jul', 'Oct']",2013-03-01,True,True
182,d,c,1390,0,0,1,9.0,2011.0,"['Mar', 'Jun', 'Sept', 'Dec']",,False,True
183,a,a,9670,0,0,0,,,[],,False,False
184,d,c,3560,0,0,0,,,[],,False,False
185,d,c,1860,5,2015,0,,,[],2015-05-01,True,False
186,a,a,290,10,2011,1,40.0,2014.0,"['Jan', 'Apr', 'Jul', 'Oct']",2011-10-01,True,True
187,a,c,19360,0,0,0,,,[],,False,False
188,d,a,850,0,0,1,18.0,2011.0,"['Feb', 'May', 'Aug', 'Nov']",,False,True
189,d,a,5760,7,2014,0,,,[],2014-07-01,True,False
190,a,a,1470,12,2006,1,40.0,2014.0,"['Jan', 'Apr', 'Jul', 'Oct']",2006-12-01,True,True
191,a,a,1100,8,2013,1,40.0,2014.0,"['Jan', 'Apr', 'Jul', 'Oct']",2013-08-01,True,True
192,d,c,2770,3,2008,1,40.0,2014.0,"['Jan', 'Apr', 'Jul', 'Oct']",2008-03-01,True,True
193,a,a,520,0,0,0,,,[],,False,False
194,d,c,16970,0,0,1,5.0,2013.0,"['Feb', 'May', 'Aug', 'Nov']",,False,True
195,a,c,220,0,0,0,,,[],,False,False
196,c,a,3850,11,2005,1,14.0,2011.0,"['Jan', 'Apr', 'Jul', 'Oct']",2005-11-01,True,True
197,c,a,4210,3,2015,0,,,[],2015-03-01,True,False
198,a,a,290,9,2002,1,13.0,2010.0,"['Jan', 'Apr', 'Jul', 'Oct']",2002-09-01,True,True
199,d,c,6360,12,2010,1,14.0,2012.0,"['Mar', 'Jun', 'Sept', 'Dec']",2010-12-01,True,True
200,a,a,1650,10,2000,0,,,[],2000-10-01,True,False
201,d,a,20260,0,0,1,18.0,2014.0,"['Mar', 'Jun', 'Sept', 'Dec']",,False,True
202,d,c,5140,5,2010,0,,,[],2010-05-01,True,False
203,c,c,490,11,2002,0,,,[],2002-11-01,True,False
204,a,a,5630,12,2002,1,40.0,2014.0,"['Jan', 'Apr', 'Jul', 'Oct']",2002-12-01,True,True
205,a,a,110,12,2007,0,,,[],2007-12-01,True,False
206,a,c,380,0,0,1,14.0,2012.0,"['Jan', 'Apr', 'Jul', 'Oct']",,False,True
207,a,a,6870,0,0,0,,,[],,False,False
208,c,a,300,4,2006,0,,,[],2006-04-01,True,False
209,a,c,11680,9,2011,1,31.0,2013.0,"['Jan', 'Apr', 'Jul', 'Oct']",2011-09-01,True,True
210,d,a,970,11,1999,1,5.0,2013.0,"['Feb', 'May', 'Aug', 'Nov']",1999-11-01,True,True
211,a,c,350,11,2006,0,,,[],2006-11-01,True,False
212,a,c,15050,9,2008,0,,,[],2008-09-01,True,False
213,d,c,4030,3,2014,1,1.0,2014.0,"['Jan', 'Apr', 'Jul', 'Oct']",2014-03-01,True,True
214,d,a,8650,7,2013,1,10.0,2014.0,"['Jan', 'Apr', 'Jul', 'Oct']",2013-07-01,True,True
215,d,a,150,0,0,1,45.0,2009.0,"['Feb', 'May', 'Aug', 'Nov']",,False,True
216,c,a,190,0,0,1,45.0,2009.0,"['Feb', 'May', 'Aug', 'Nov']",,False,True
217,c,a,3150,0,0,0,,,[],,False,False
218,a,c,640,0,0,1,9.0,2011.0,"['Mar', 'Jun', 'Sept', 'Dec']",,False,True
219,a,a,1640,2,2013,0,,,[],2013-02-01,True,False
220,a,a,1000,9,2008,0,,,[],2008-09-01,True,False
221,d,c,13530,9,2013,0,,,[],2013-09-01,True,False
222,a,a,2170,11,2008,0,,,[],2008-11-01,True,False
223,d,c,2920,10,1995,1,27.0,2011.0,"['Jan', 'Apr', 'Jul', 'Oct']",1995-10-01,True,True
224,d,c,7930,0,0,1,1.0,2013.0,"['Jan', 'Apr', 'Jul', 'Oct']",,False,True
225,d,a,10180,5,2015,0,,,[],2015-05-01,True,False
226,a,a,450,0,0,0,,,[],,False,False
227,a,a,2370,0,0,0,,,[],,False,False
228,d,c,10800,0,0,1,18.0,2011.0,"['Feb', 'May', 'Aug', 'Nov']",,False,True
229,d,c,17410,4,2007,1,14.0,2011.0,"['Jan', 'Apr', 'Jul', 'Oct']",2007-04-01,True,True
230,d,c,6680,9,2013,0,,,[],2013-09-01,True,False
231,d,c,3840,10,2008,1,39.0,2010.0,"['Feb', 'May', 'Aug', 'Nov']",2008-10-01,True,True
232,c,c,13570,5,2010,1,10.0,2013.0,"['Mar', 'Jun', 'Sept', 'Dec']",2010-05-01,True,True
233,a,a,1890,0,0,0,,,[],,False,False
234,d,a,4370,0,0,0,,,[],,False,False
235,a,a,5710,3,2012,1,37.0,2009.0,"['Jan', 'Apr', 'Jul', 'Oct']",2012-03-01,True,True
236,a,a,1000,11,2007,0,,,[],2007-11-01,True,False
237,a,a,1420,11,2007,0,,,[],2007-11-01,True,False
238,a,a,320,0,0,1,45.0,2009.0,"['Feb', 'May', 'Aug', 'Nov']",,False,True
239,d,c,610,0,0,0,,,[],,False,False
240,a,a,1110,5,2009,0,,,[],2009-05-01,True,False
241,d,c,780,0,0,0,,,[],,False,False
242,d,a,6880,9,2001,1,14.0,2011.0,"['Jan', 'Apr', 'Jul', 'Oct']",2001-09-01,True,True
243,a,a,310,0,0,1,5.0,2013.0,"['Feb', 'May', 'Aug', 'Nov']",,False,True
244,d,a,710,3,2012,1,1.0,2012.0,"['Jan', 'Apr', 'Jul', 'Oct']",2012-03-01,True,True
245,a,c,1310,0,0,0,,,[],,False,False
246,c,a,4660,4,2013,0,,,[],2013-04-01,True,False
247,d,c,70,11,2010,1,5.0,2013.0,"['Feb', 'May', 'Aug', 'Nov']",2010-11-01,True,True
248,a,c,340,9,2012,1,40.0,2012.0,"['Jan', 'Apr', 'Jul', 'Oct']",2012-09-01,True,True
249,d,c,18010,9,2014,0,,,[],2014-09-01,True,False
250,d,a,3520,0,0,1,18.0,2012.0,"['Feb', 'May', 'Aug', 'Nov']",,False,True
251,a,c,340,0,0,0,,,[],,False,False
252,d,c,22330,0,0,1,5.0,2010.0,"['Feb', 'May', 'Aug', 'Nov']",,False,True
253,a,c,250,0,0,1,5.0,2013.0,"['Feb', 'May', 'Aug', 'Nov']",,False,True
254,d,a,330,3,2008,1,1.0,2012.0,"['Mar', 'Jun', 'Sept', 'Dec']",2008-03-01,True,True
255,c,c,4630,3,2011,1,35.0,2011.0,"['Feb', 'May', 'Aug', 'Nov']",2011-03-01,True,True
256,a,c,80,9,2005,1,10.0,2014.0,"['Mar', 'Jun', 'Sept', 'Dec']",2005-09-01,True,True
257,a,a,420,12,2012,0,,,[],2012-12-01,True,False
258,a,a,27190,7,2010,1,37.0,2009.0,"['Jan', 'Apr', 'Jul', 'Oct']",2010-07-01,True,True
259,b,b,210,0,0,0,,,[],,False,False
260,a,a,540,10,2011,0,,,[],2011-10-01,True,False
261,d,c,15340,4,2015,1,39.0,2009.0,"['Jan', 'Apr', 'Jul', 'Oct']",2015-04-01,True,True
262,b,a,1180,5,2013,0,,,[],2013-05-01,True,False
263,a,c,1140,5,2013,1,40.0,2014.0,"['Jan', 'Apr', 'Jul', 'Oct']",2013-05-01,True,True
264,a,a,180,3,2014,0,,,[],2014-03-01,True,False
265,a,a,4580,0,0,1,14.0,2015.0,"['Jan', 'Apr', 'Jul', 'Oct']",,False,True
266,a,c,360,3,2014,1,9.0,2011.0,"['Mar', 'Jun', 'Sept', 'Dec']",2014-03-01,True,True
267,c,a,2460,1,2012,0,,,[],2012-01-01,True,False
268,a,a,4520,2,2014,0,,,[],2014-02-01,True,False
269,a,c,60,6,2015,0,,,[],2015-06-01,True,False
270,a,a,1450,7,2014,0,,,[],2014-07-01,True,False
271,a,a,420,0,0,1,14.0,2011.0,"['Jan', 'Apr', 'Jul', 'Oct']",,False,True
272,a,a,16180,7,2003,1,14.0,2011.0,"['Jan', 'Apr', 'Jul', 'Oct']",2003-07-01,True,True
273,a,c,8480,0,0,0,,,[],,False,False
274,b,b,3640,0,0,1,10.0,2013.0,"['Jan', 'Apr', 'Jul', 'Oct']",,False,True
275,d,a,300,5,2014,1,40.0,2014.0,"['Jan', 'Apr', 'Jul', 'Oct']",2014-05-01,True,True
276,a,a,2960,10,2014,1,36.0,2013.0,"['Mar', 'Jun', 'Sept', 'Dec']",2014-10-01,True,True
277,d,c,7840,0,0,1,31.0,2009.0,"['Feb', 'May', 'Aug', 'Nov']",,False,True
278,a,c,9260,2,2010,0,,,[],2010-02-01,True,False
279,d,c,2320,0,0,1,40.0,2012.0,"['Jan', 'Apr', 'Jul', 'Oct']",,False,True
280,d,c,18640,9,2013,1,10.0,2014.0,"['Mar', 'Jun', 'Sept', 'Dec']",2013-09-01,True,True
281,d,c,6970,9,2011,0,,,[],2011-09-01,True,False
282,a,a,1220,12,2010,0,,,[],2010-12-01,True,False
283,a,a,2260,0,0,1,40.0,2014.0,"['Jan', 'Apr', 'Jul', 'Oct']",,False,True
284,d,a,1290,0,0,1,40.0,2014.0,"['Jan', 'Apr', 'Jul', 'Oct']",,False,True
285,a,a,2410,0,0,0,,,[],,False,False
286,a,a,1460,4,2015,0,,,[],2015-04-01,True,False
287,c,a,2740,5,2009,1,40.0,2014.0,"['Jan', 'Apr', 'Jul', 'Oct']",2009-05-01,True,True
288,d,a,800,0,0,1,14.0,2011.0,"['Mar', 'Jun', 'Sept', 'Dec']",,False,True
289,d,a,6540,12,2007,0,,,[],2007-12-01,True,False
290,a,a,4150,5,2001,0,,,[],2001-05-01,True,False
291,d,a,2325,0,0,0,,,[],,False,False
292,a,a,1100,6,2009,0,,,[],2009-06-01,True,False
293,c,c,140,11,2007,0,,,[],2007-11-01,True,False
294,a,a,3150,5,2005,0,,,[],2005-05-01,True,False
295,a,a,210,11,2000,1,36.0,2013.0,"['Mar', 'Jun', 'Sept', 'Dec']",2000-11-01,True,True
296,a,a,9580,5,2007,1,45.0,2014.0,"['Feb', 'May', 'Aug', 'Nov']",2007-05-01,True,True
297,a,a,2300,9,2010,0,,,[],2010-09-01,True,False
298,d,a,19840,7,2009,0,,,[],2009-07-01,True,False
299,d,c,38630,9,2012,0,,,[],2012-09-01,True,False
300,a,c,120,4,2009,1,1.0,2012.0,"['Jan', 'Apr', 'Jul', 'Oct']",2009-04-01,True,True
301,a,c,4510,3,2015,0,,,[],2015-03-01,True,False
302,d,c,2190,12,2007,1,9.0,2011.0,"['Mar', 'Jun', 'Sept', 'Dec']",2007-12-01,True,True
303,a,a,15430,11,2012,1,18.0,2011.0,"['Feb', 'May', 'Aug', 'Nov']",2012-11-01,True,True
304,a,a,1950,7,2015,0,,,[],2015-07-01,True,False
305,c,c,2470,2,2005,1,31.0,2013.0,"['Mar', 'Jun', 'Sept', 'Dec']",2005-02-01,True,True
306,a,a,5100,4,2007,1,40.0,2014.0,"['Jan', 'Apr', 'Jul', 'Oct']",2007-04-01,True,True
307,a,a,18660,9,2002,0,,,[],2002-09-01,True,False
308,a,a,1070,12,2006,1,13.0,2010.0,"['Jan', 'Apr', 'Jul', 'Oct']",2006-12-01,True,True
309,d,a,8740,0,0,1,37.0,2009.0,"['Feb', 'May', 'Aug', 'Nov']",,False,True
310,a,c,2290,0,0,1,10.0,2014.0,"['Mar', 'Jun', 'Sept', 'Dec']",,False,True
311,a,c,680,7,2005,0,,,[],2005-07-01,True,False
312,d,a,11300,3,2012,0,,,[],2012-03-01,True,False
313,d,c,14160,0,0,0,,,[],,False,False
314,a,a,3560,10,2001,1,31.0,2013.0,"['Feb', 'May', 'Aug', 'Nov']",2001-10-01,True,True
315,a,c,38710,4,2013,0,,,[],2013-04-01,True,False
316,d,a,9000,8,2001,0,,,[],2001-08-01,True,False
317,d,a,3140,7,2013,1,14.0,2011.0,"['Jan', 'Apr', 'Jul', 'Oct']",2013-07-01,True,True
318,d,c,32330,3,2014,0,,,[],2014-03-01,True,False
319,a,c,570,9,2012,1,27.0,2012.0,"['Mar', 'Jun', 'Sept', 'Dec']",2012-09-01,True,True
320,a,c,210,9,2012,0,,,[],2012-09-01,True,False
321,c,c,8140,11,2013,1,10.0,2014.0,"['Mar', 'Jun', 'Sept', 'Dec']",2013-11-01,True,True
322,a,a,17500,4,2001,1,37.0,2009.0,"['Jan', 'Apr', 'Jul', 'Oct']",2001-04-01,True,True
323,d,c,8400,4,2012,1,5.0,2013.0,"['Feb', 'May', 'Aug', 'Nov']",2012-04-01,True,True
324,a,a,13140,0,0,1,14.0,2011.0,"['Jan', 'Apr', 'Jul', 'Oct']",,False,True
325,a,c,350,3,2011,1,22.0,2011.0,"['Feb', 'May', 'Aug', 'Nov']",2011-03-01,True,True
326,d,a,10070,5,2015,1,31.0,2013.0,"['Feb', 'May', 'Aug', 'Nov']",2015-05-01,True,True
327,c,c,1390,12,2004,0,,,[],2004-12-01,True,False
328,a,a,3130,7,2002,0,,,[],2002-07-01,True,False
329,a,a,1310,6,1990,1,22.0,2012.0,"['Mar', 'Jun', 'Sept', 'Dec']",1990-06-01,True,True
330,a,c,370,0,0,1,22.0,2012.0,"['Mar', 'Jun', 'Sept', 'Dec']",,False,True
331,a,c,670,0,0,1,14.0,2015.0,"['Jan', 'Apr', 'Jul', 'Oct']",,False,True
332,a,a,1840,3,2006,0,,,[],2006-03-01,True,False
333,a,c,3720,2,2010,0,,,[],2010-02-01,True,False
334,d,c,4040,8,2008,1,18.0,2013.0,"['Mar', 'Jun', 'Sept', 'Dec']",2008-08-01,True,True
335,b,a,90,0,0,1,31.0,2013.0,"['Jan', 'Apr', 'Jul', 'Oct']",,False,True
336,a,a,190,7,2014,0,,,[],2014-07-01,True,False
337,d,c,10600,7,2005,1,45.0,2014.0,"['Feb', 'May', 'Aug', 'Nov']",2005-07-01,True,True
338,a,c,1590,0,0,1,37.0,2009.0,"['Jan', 'Apr', 'Jul', 'Oct']",,False,True
339,a,c,2280,0,0,1,10.0,2013.0,"['Mar', 'Jun', 'Sept', 'Dec']",,False,True
340,a,c,8080,0,0,0,,,[],,False,False
341,a,a,190,9,2011,0,,,[],2011-09-01,True,False
342,d,c,15770,0,0,1,40.0,2014.0,"['Jan', 'Apr', 'Jul', 'Oct']",,False,True
343,d,a,18650,4,2004,1,14.0,2014.0,"['Jan', 'Apr', 'Jul', 'Oct']",2004-04-01,True,True
344,a,c,300,4,2011,1,14.0,2011.0,"['Jan', 'Apr', 'Jul', 'Oct']",2011-04-01,True,True
345,a,a,120,0,0,1,22.0,2012.0,"['Jan', 'Apr', 'Jul', 'Oct']",,False,True
346,a,c,8090,0,0,0,,,[],,False,False
347,d,c,9360,7,2013,1,22.0,2012.0,"['Mar', 'Jun', 'Sept', 'Dec']",2013-07-01,True,True
348,a,a,16490,0,0,1,22.0,2012.0,"['Jan', 'Apr', 'Jul', 'Oct']",,False,True
349,c,c,1490,4,2009,0,,,[],2009-04-01,True,False
350,d,a,8880,0,0,1,14.0,2011.0,"['Jan', 'Apr', 'Jul', 'Oct']",,False,True
351,a,a,5290,11,2012,1,5.0,2013.0,"['Feb', 'May', 'Aug', 'Nov']",2012-11-01,True,True
352,d,c,6360,0,0,1,40.0,2012.0,"['Mar', 'Jun', 'Sept', 'Dec']",,False,True
353,b,b,900,0,0,1,14.0,2013.0,"['Feb', 'May', 'Aug', 'Nov']",,False,True
354,d,c,1500,10,2005,0,,,[],2005-10-01,True,False
355,a,c,9720,8,2013,0,,,[],2013-08-01,True,False
356,d,c,8970,12,2007,1,22.0,2012.0,"['Feb', 'May', 'Aug', 'Nov']",2007-12-01,True,True
357,a,a,2060,10,2008,0,,,[],2008-10-01,True,False
358,a,a,2890,10,2003,0,,,[],2003-10-01,True,False
359,d,c,4370,0,0,0,,,[],,False,False
360,a,a,2040,6,2007,0,,,[],2007-06-01,True,False
361,c,c,4490,5,2014,1,5.0,2013.0,"['Feb', 'May', 'Aug', 'Nov']",2014-05-01,True,True
362,c,c,340,0,0,0,,,[],,False,False
363,a,a,250,9,2009,0,,,[],2009-09-01,True,False
364,a,c,13620,0,0,1,10.0,2014.0,"['Mar', 'Jun', 'Sept', 'Dec']",,False,True
365,c,a,2410,0,0,1,45.0,2009.0,"['Feb', 'May', 'Aug', 'Nov']",,False,True
366,d,c,6470,12,2004,0,,,[],2004-12-01,True,False
367,d,c,2640,9,2012,0,,,[],2012-09-01,True,False
368,d,c,1450,4,2005,1,45.0,2009.0,"['Feb', 'May', 'Aug', 'Nov']",2005-04-01,True,True
369,d,c,5870,4,2014,0,,,[],2014-04-01,True,False
370,d,a,8250,10,2000,1,31.0,2009.0,"['Jan', 'Apr', 'Jul', 'Oct']",2000-10-01,True,True
371,d,c,1970,7,2009,1,45.0,2014.0,"['Feb', 'May', 'Aug', 'Nov']",2009-07-01,True,True
372,d,c,4880,8,2010,1,18.0,2014.0,"['Jan', 'Apr', 'Jul', 'Oct']",2010-08-01,True,True
373,d,c,11120,0,0,1,22.0,2012.0,"['Jan', 'Apr', 'Jul', 'Oct']",,False,True
374,a,a,1150,9,2007,0,,,[],2007-09-01,True,False
375,a,c,15710,2,2013,1,37.0,2009.0,"['Jan', 'Apr', 'Jul', 'Oct']",2013-02-01,True,True
376,a,a,160,8,2012,0,,,[],2012-08-01,True,False
377,a,c,100,6,2010,1,18.0,2010.0,"['Feb', 'May', 'Aug', 'Nov']",2010-06-01,True,True
378,a,c,2140,8,2012,0,,,[],2012-08-01,True,False
379,d,a,6630,0,0,0,,,[],,False,False
380,a,a,2240,5,2013,1,10.0,2014.0,"['Mar', 'Jun', 'Sept', 'Dec']",2013-05-01,True,True
381,a,a,1800,11,2006,1,5.0,2013.0,"['Feb', 'May', 'Aug', 'Nov']",2006-11-01,True,True
382,c,c,26130,11,2002,0,,,[],2002-11-01,True,False
383,a,c,350,0,0,0,,,[],,False,False
384,a,c,130,0,0,1,14.0,2011.0,"['Jan', 'Apr', 'Jul', 'Oct']",,False,True
385,d,a,4580,9,2007,0,,,[],2007-09-01,True,False
386,d,c,1460,4,2014,1,31.0,2013.0,"['Jan', 'Apr', 'Jul', 'Oct']",2014-04-01,True,True
387,c,a,210,0,0,1,36.0,2013.0,"['Mar', 'Jun', 'Sept', 'Dec']",,False,True
388,a,a,2260,0,0,0,,,[],,False,False
389,a,c,6690,8,2011,0,,,[],2011-08-01,True,False
390,a,c,1600,4,2009,0,,,[],2009-04-01,True,False
391,a,a,460,11,2014,1,31.0,2013.0,"['Feb', 'May', 'Aug', 'Nov']",2014-11-01,True,True
392,a,a,2120,0,0,0,,,[],,False,False
393,d,c,4820,3,2008,0,,,[],2008-03-01,True,False
394,d,a,10850,0,0,0,,,[],,False,False
395,a,a,3620,2,2013,0,,,[],2013-02-01,True,False
396,a,c,23130,0,0,0,,,[],,False,False
397,a,c,130,0,0,1,27.0,2013.0,"['Feb', 'May', 'Aug', 'Nov']",,False,True
398,c,c,1540,0,0,1,1.0,2012.0,"['Jan', 'Apr', 'Jul', 'Oct']",,False,True
399,a,a,5360,9,2012,1,40.0,2011.0,"['Jan', 'Apr', 'Jul', 'Oct']",2012-09-01,True,True
400,a,a,70,11,2004,1,14.0,2011.0,"['Jan', 'Apr', 'Jul', 'Oct']",2004-11-01,True,True
401,a,c,9200,10,2009,1,14.0,2012.0,"['Jan', 'Apr', 'Jul', 'Oct']",2009-10-01,True,True
402,c,c,5830,9,2011,1,13.0,2010.0,"['Jan', 'Apr', 'Jul', 'Oct']",2011-09-01,True,True
403,a,a,4970,7,2015,0,,,[],2015-07-01,True,False
404,a,c,1420,0,0,1,10.0,2013.0,"['Mar', 'Jun', 'Sept', 'Dec']",,False,True
405,a,a,1080,4,2008,1,14.0,2011.0,"['Jan', 'Apr', 'Jul', 'Oct']",2008-04-01,True,True
406,d,c,8240,3,2001,1,10.0,2013.0,"['Feb', 'May', 'Aug', 'Nov']",2001-03-01,True,True
407,a,a,5890,10,2003,1,14.0,2011.0,"['Feb', 'May', 'Aug', 'Nov']",2003-10-01,True,True
408,c,a,1560,0,0,1,45.0,2009.0,"['Feb', 'May', 'Aug', 'Nov']",,False,True
409,d,c,840,0,0,1,1.0,2013.0,"['Jan', 'Apr', 'Jul', 'Oct']",,False,True
410,c,a,40,11,2011,1,22.0,2012.0,"['Mar', 'Jun', 'Sept', 'Dec']",2011-11-01,True,True
411,d,c,8460,0,0,0,,,[],,False,False
412,d,c,4460,0,0,1,39.0,2010.0,"['Jan', 'Apr', 'Jul', 'Oct']",,False,True
413,a,c,760,9,2014,0,,,[],2014-09-01,True,False
414,d,c,6210,0,0,1,1.0,2013.0,"['Jan', 'Apr', 'Jul', 'Oct']",,False,True
415,d,c,6910,4,2005,0,,,[],2005-04-01,True,False
416,a,c,4650,6,2014,0,,,[],2014-06-01,True,False
417,a,c,840,0,0,1,10.0,2014.0,"['Jan', 'Apr', 'Jul', 'Oct']",,False,True
418,a,a,1060,5,2009,1,27.0,2011.0,"['Feb', 'May', 'Aug', 'Nov']",2009-05-01,True,True
419,c,a,1620,9,2009,0,,,[],2009-09-01,True,False
420,d,c,250,0,0,1,27.0,2012.0,"['Jan', 'Apr', 'Jul', 'Oct']",,False,True
421,c,c,3530,6,2012,1,35.0,2012.0,"['Mar', 'Jun', 'Sept', 'Dec']",2012-06-01,True,True
422,a,c,2880,0,0,0,,,[],,False,False
423,b,a,1270,5,2014,0,,,[],2014-05-01,True,False
424,d,c,1250,0,0,1,40.0,2011.0,"['Jan', 'Apr', 'Jul', 'Oct']",,False,True
425,d,c,1460,0,0,0,,,[],,False,False
426,a,a,250,0,0,0,,,[],,False,False
427,a,c,70,7,2005,1,13.0,2010.0,"['Jan', 'Apr', 'Jul', 'Oct']",2005-07-01,True,True
428,d,a,2960,12,2014,1,23.0,2015.0,"['Mar', 'Jun', 'Sept', 'Dec']",2014-12-01,True,True
429,d,c,16350,7,2005,1,31.0,2013.0,"['Jan', 'Apr', 'Jul', 'Oct']",2005-07-01,True,True
430,d,c,12870,10,2008,0,,,[],2008-10-01,True,False
431,d,c,4520,0,0,0,,,[],,False,False
432,a,a,810,5,2013,0,,,[],2013-05-01,True,False
433,a,c,30030,11,2010,0,,,[],2010-11-01,True,False
434,a,a,13020,8,2003,1,40.0,2014.0,"['Jan', 'Apr', 'Jul', 'Oct']",2003-08-01,True,True
435,a,a,910,0,0,0,,,[],,False,False
436,d,a,2300,0,0,0,,,[],,False,False
437,c,c,430,0,0,1,50.0,2010.0,"['Jan', 'Apr', 'Jul', 'Oct']",,False,True
438,d,c,1110,0,0,1,40.0,2012.0,"['Jan', 'Apr', 'Jul', 'Oct']",,False,True
439,a,a,1350,9,2009,0,,,[],2009-09-01,True,False
440,d,a,3900,4,2005,1,45.0,2009.0,"['Feb', 'May', 'Aug', 'Nov']",2005-04-01,True,True
441,d,a,2530,0,0,0,,,[],,False,False
442,c,a,500,0,0,1,45.0,2009.0,"['Feb', 'May', 'Aug', 'Nov']",,False,True
443,d,a,11400,12,2005,0,,,[],2005-12-01,True,False
444,c,a,1700,11,2009,0,,,[],2009-11-01,True,False
445,a,a,240,0,0,0,,,[],,False,False
446,a,a,340,10,2000,1,31.0,2013.0,"['Feb', 'May', 'Aug', 'Nov']",2000-10-01,True,True
447,a,c,1510,9,2013,0,,,[],2013-09-01,True,False
448,a,c,3970,9,2009,0,,,[],2009-09-01,True,False
449,a,c,120,12,2014,1,37.0,2009.0,"['Jan', 'Apr', 'Jul', 'Oct']",2014-12-01,True,True
450,c,a,5780,11,1994,1,10.0,2014.0,"['Mar', 'Jun', 'Sept', 'Dec']",1994-11-01,True,True
451,a,a,2460,4,2009,1,13.0,2010.0,"['Jan', 'Apr', 'Jul', 'Oct']",2009-04-01,True,True
452,a,c,1850,8,2013,1,5.0,2011.0,"['Feb', 'May', 'Aug', 'Nov']",2013-08-01,True,True
453,a,c,75860,0,0,0,,,[],,False,False
454,a,a,26450,0,0,0,,,[],,False,False
455,d,c,7660,9,2010,0,,,[],2010-09-01,True,False
456,a,c,140,0,0,0,,,[],,False,False
457,d,c,13140,0,0,1,31.0,2013.0,"['Jan', 'Apr', 'Jul', 'Oct']",,False,True
458,c,a,3390,0,0,0,,,[],,False,False
459,a,a,250,9,2008,1,5.0,2013.0,"['Feb', 'May', 'Aug', 'Nov']",2008-09-01,True,True
460,a,a,34050,4,2008,0,,,[],2008-04-01,True,False
461,d,c,1790,7,2013,1,40.0,2013.0,"['Jan', 'Apr', 'Jul', 'Oct']",2013-07-01,True,True
462,a,a,44320,8,2008,0,,,[],2008-08-01,True,False
463,a,a,4160,0,0,0,,,[],,False,False
464,c,a,520,3,2009,0,,,[],2009-03-01,True,False
465,d,c,10890,4,2005,0,,,[],2005-04-01,True,False
466,a,c,3110,3,2003,0,,,[],2003-03-01,True,False
467,a,c,20390,4,2008,0,,,[],2008-04-01,True,False
468,c,c,5260,9,2012,0,,,[],2012-09-01,True,False
469,c,c,710,9,2005,0,,,[],2005-09-01,True,False
470,a,c,50,0,0,0,,,[],,False,False
471,d,a,5300,0,0,1,45.0,2009.0,"['Feb', 'May', 'Aug', 'Nov']",,False,True
472,c,c,5030,8,2011,0,,,[],2011-08-01,True,False
473,a,a,50,0,0,0,,,[],,False,False
474,c,a,14810,0,0,1,14.0,2011.0,"['Mar', 'Jun', 'Sept', 'Dec']",,False,True
475,a,a,140,9,2005,0,,,[],2005-09-01,True,False
476,d,a,8300,9,2006,0,,,[],2006-09-01,True,False
477,d,a,770,7,2010,1,35.0,2010.0,"['Jan', 'Apr', 'Jul', 'Oct']",2010-07-01,True,True
478,d,c,1940,3,2012,0,,,[],2012-03-01,True,False
479,a,a,320,12,2005,1,9.0,2011.0,"['Feb', 'May', 'Aug', 'Nov']",2005-12-01,True,True
480,a,a,300,11,2012,0,,,[],2012-11-01,True,False
481,c,c,7470,0,0,1,44.0,2012.0,"['Feb', 'May', 'Aug', 'Nov']",,False,True
482,c,a,2550,10,2005,0,,,[],2005-10-01,True,False
483,a,c,2310,9,2011,1,13.0,2010.0,"['Jan', 'Apr', 'Jul', 'Oct']",2011-09-01,True,True
484,a,c,14300,3,2011,0,,,[],2011-03-01,True,False
485,d,c,3270,0,0,1,22.0,2012.0,"['Jan', 'Apr', 'Jul', 'Oct']",,False,True
486,a,a,2320,0,0,1,31.0,2013.0,"['Jan', 'Apr', 'Jul', 'Oct']",,False,True
487,d,c,2180,9,2012,1,40.0,2012.0,"['Jan', 'Apr', 'Jul', 'Oct']",2012-09-01,True,True
488,a,c,2890,4,2014,0,,,[],2014-04-01,True,False
489,a,a,14960,11,2013,1,37.0,2009.0,"['Jan', 'Apr', 'Jul', 'Oct']",2013-11-01,True,True
490,a,a,660,4,2013,1,40.0,2014.0,"['Jan', 'Apr', 'Jul', 'Oct']",2013-04-01,True,True
491,d,c,4680,0,0,1,22.0,2012.0,"['Mar', 'Jun', 'Sept', 'Dec']",,False,True
492,a,a,1740,3,2008,1,40.0,2012.0,"['Jan', 'Apr', 'Jul', 'Oct']",2008-03-01,True,True
493,d,c,1150,0,0,1,14.0,2011.0,"['Jan', 'Apr', 'Jul', 'Oct']",,False,True
494,b,a,1260,6,2011,0,,,[],2011-06-01,True,False
495,d,a,5470,0,0,1,37.0,2009.0,"['Jan', 'Apr', 'Jul', 'Oct']",,False,True
496,d,c,2780,6,2015,0,,,[],2015-06-01,True,False
497,a,c,1610,0,0,0,,,[],,False,False
498,a,a,990,0,0,1,40.0,2014.0,"['Jan', 'Apr', 'Jul', 'Oct']",,False,True
499,c,c,450,0,0,1,5.0,2013.0,"['Feb', 'May', 'Aug', 'Nov']",,False,True
500,d,c,10690,9,2007,1,5.0,2013.0,"['Jan', 'Apr', 'Jul', 'Oct']",2007-09-01,True,True
501,a,c,1620,9,2006,0,,,[],2006-09-01,True,False
502,a,a,220,2,2002,1,37.0,2009.0,"['Jan', 'Apr', 'Jul', 'Oct']",2002-02-01,True,True
503,d,c,13080,9,2006,1,14.0,2011.0,"['Jan', 'Apr', 'Jul', 'Oct']",2006-09-01,True,True
504,c,c,820,0,0,0,,,[],,False,False
505,a,a,350,0,0,1,5.0,2013.0,"['Feb', 'May', 'Aug', 'Nov']",,False,True
506,a,a,1850,12,2014,1,18.0,2011.0,"['Feb', 'May', 'Aug', 'Nov']",2014-12-01,True,True
507,a,c,9070,4,2011,1,37.0,2009.0,"['Jan', 'Apr', 'Jul', 'Oct']",2011-04-01,True,True
508,a,c,1280,0,0,1,40.0,2011.0,"['Jan', 'Apr', 'Jul', 'Oct']",,False,True
509,a,a,4740,7,2008,1,37.0,2009.0,"['Jan', 'Apr', 'Jul', 'Oct']",2008-07-01,True,True
510,a,c,8260,0,0,0,,,[],,False,False
511,a,a,2060,9,2009,0,,,[],2009-09-01,True,False
512,b,b,590,0,0,1,5.0,2013.0,"['Mar', 'Jun', 'Sept', 'Dec']",,False,True
513,a,a,400,8,2013,0,,,[],2013-08-01,True,False
514,c,c,1200,7,2012,1,27.0,2012.0,"['Jan', 'Apr', 'Jul', 'Oct']",2012-07-01,True,True
515,d,c,11260,0,0,1,9.0,2011.0,"['Feb', 'May', 'Aug', 'Nov']",,False,True
516,a,c,20,0,0,1,35.0,2010.0,"['Mar', 'Jun', 'Sept', 'Dec']",,False,True
517,a,c,22490,0,0,0,,,[],,False,False
518,d,c,3330,3,2015,1,13.0,2010.0,"['Jan', 'Apr', 'Jul', 'Oct']",2015-03-01,True,True
519,c,c,2510,8,2009,1,1.0,2012.0,"['Jan', 'Apr', 'Jul', 'Oct']",2009-08-01,True,True
520,a,c,6900,0,0,1,40.0,2012.0,"['Mar', 'Jun', 'Sept', 'Dec']",,False,True
521,d,a,18610,11,2002,1,48.0,2011.0,"['Mar', 'Jun', 'Sept', 'Dec']",2002-11-01,True,True
522,d,c,7160,11,2012,1,9.0,2011.0,"['Jan', 'Apr', 'Jul', 'Oct']",2012-11-01,True,True
523,c,c,50,11,2013,0,,,[],2013-11-01,True,False
524,a,c,40860,9,2013,0,,,[],2013-09-01,True,False
525,d,c,1870,9,2013,0,,,[],2013-09-01,True,False
526,a,a,120,0,0,1,48.0,2011.0,"['Mar', 'Jun', 'Sept', 'Dec']",,False,True
527,d,c,5830,4,2008,0,,,[],2008-04-01,True,False
528,a,c,20620,0,0,1,37.0,2009.0,"['Jan', 'Apr', 'Jul', 'Oct']",,False,True
529,d,c,12920,9,2012,0,,,[],2012-09-01,True,False
530,a,c,18160,0,0,0,,,[],,False,False
531,a,c,4030,0,0,0,,,[],,False,False
532,a,c,1070,8,2010,0,,,[],2010-08-01,True,False
533,a,c,5950,0,0,0,,,[],,False,False
534,d,a,1200,9,2009,1,45.0,2009.0,"['Jan', 'Apr', 'Jul', 'Oct']",2009-09-01,True,True
535,a,a,3570,4,2007,0,,,[],2007-04-01,True,False
536,a,c,4700,9,2002,1,31.0,2013.0,"['Feb', 'May', 'Aug', 'Nov']",2002-09-01,True,True
537,a,a,600,5,2002,1,1.0,2012.0,"['Jan', 'Apr', 'Jul', 'Oct']",2002-05-01,True,True
538,a,a,990,2,2010,0,,,[],2010-02-01,True,False
539,a,a,770,5,2013,1,40.0,2014.0,"['Jan', 'Apr', 'Jul', 'Oct']",2013-05-01,True,True
540,d,c,810,0,0,1,48.0,2012.0,"['Jan', 'Apr', 'Jul', 'Oct']",,False,True
541,a,c,650,7,1990,0,,,[],1990-07-01,True,False
542,a,a,7280,9,2012,1,1.0,2013.0,"['Jan', 'Apr', 'Jul', 'Oct']",2012-09-01,True,True
543,c,a,1080,12,2012,0,,,[],2012-12-01,True,False
544,a,a,250,12,2001,1,13.0,2010.0,"['Jan', 'Apr', 'Jul', 'Oct']",2001-12-01,True,True
545,a,c,5020,5,2006,1,18.0,2014.0,"['Feb', 'May', 'Aug', 'Nov']",2006-05-01,True,True
546,a,a,580,1,2005,0,,,[],2005-01-01,True,False
547,d,c,8990,11,2009,1,35.0,2010.0,"['Mar', 'Jun', 'Sept', 'Dec']",2009-11-01,True,True
548,d,c,3760,2,2009,0,,,[],2009-02-01,True,False
549,a,c,2330,0,0,0,,,[],,False,False
550,d,c,50,6,2015,0,,,[],2015-06-01,True,False
551,a,c,2190,9,2013,0,,,[],2013-09-01,True,False
552,a,a,4260,7,2008,1,37.0,2009.0,"['Jan', 'Apr', 'Jul', 'Oct']",2008-07-01,True,True
553,c,a,3040,9,2002,1,13.0,2010.0,"['Jan', 'Apr', 'Jul', 'Oct']",2002-09-01,True,True
554,c,c,1200,0,0,0,,,[],,False,False
555,d,a,1560,1,2014,1,10.0,2013.0,"['Mar', 'Jun', 'Sept', 'Dec']",2014-01-01,True,True
556,d,c,1140,11,2014,0,,,[],2014-11-01,True,False
557,a,a,250,0,0,0,,,[],,False,False
558,a,a,3000,2,2010,0,,,[],2010-02-01,True,False
559,d,a,3910,11,2006,1,5.0,2013.0,"['Feb', 'May', 'Aug', 'Nov']",2006-11-01,True,True
560,c,c,1910,7,2013,0,,,[],2013-07-01,True,False
561,d,a,14300,0,0,0,,,[],,False,False
562,b,c,1210,0,0,0,,,[],,False,False
563,a,a,700,3,2015,1,10.0,2014.0,"['Jan', 'Apr', 'Jul', 'Oct']",2015-03-01,True,True
564,d,c,6540,0,0,1,14.0,2013.0,"['Jan', 'Apr', 'Jul', 'Oct']",,False,True
565,a,c,160,7,2007,0,,,[],2007-07-01,True,False
566,a,a,3620,0,0,1,40.0,2013.0,"['Jan', 'Apr', 'Jul', 'Oct']",,False,True
567,c,a,1010,9,2012,1,18.0,2011.0,"['Feb', 'May', 'Aug', 'Nov']",2012-09-01,True,True
568,d,c,4270,0,0,1,1.0,2013.0,"['Jan', 'Apr', 'Jul', 'Oct']",,False,True
569,a,a,1340,9,2006,0,,,[],2006-09-01,True,False
570,a,a,180,11,2006,0,,,[],2006-11-01,True,False
571,d,a,2110,11,1995,1,40.0,2014.0,"['Jan', 'Apr', 'Jul', 'Oct']",1995-11-01,True,True
572,d,c,9230,4,2004,1,37.0,2009.0,"['Jan', 'Apr', 'Jul', 'Oct']",2004-04-01,True,True
573,a,a,1190,11,2012,1,36.0,2013.0,"['Jan', 'Apr', 'Jul', 'Oct']",2012-11-01,True,True
574,d,a,4400,0,0,0,,,[],,False,False
575,a,a,960,5,2008,1,13.0,2010.0,"['Jan', 'Apr', 'Jul', 'Oct']",2008-05-01,True,True
576,c,a,50,11,2006,0,,,[],2006-11-01,True,False
577,a,c,2270,0,0,1,35.0,2012.0,"['Mar', 'Jun', 'Sept', 'Dec']",,False,True
578,d,a,12700,4,2013,0,,,[],2013-04-01,True,False
579,c,a,20970,11,2012,0,,,[],2012-11-01,True,False
580,a,c,170,2,2009,0,,,[],2009-02-01,True,False
581,a,a,7250,12,2013,0,,,[],2013-12-01,True,False
582,a,a,120,0,0,0,,,[],,False,False
583,a,a,2640,11,2002,0,,,[],2002-11-01,True,False
584,d,a,1360,0,0,1,35.0,2010.0,"['Mar', 'Jun', 'Sept', 'Dec']",,False,True
585,d,c,440,4,2014,0,,,[],2014-04-01,True,False
586,a,c,250,10,2008,0,,,[],2008-10-01,True,False
587,d,c,330,9,2006,1,14.0,2011.0,"['Jan', 'Apr', 'Jul', 'Oct']",2006-09-01,True,True
588,d,c,15720,3,2010,0,,,[],2010-03-01,True,False
589,a,c,360,0,0,1,18.0,2013.0,"['Feb', 'May', 'Aug', 'Nov']",,False,True
590,d,c,4520,9,2010,1,31.0,2013.0,"['Jan', 'Apr', 'Jul', 'Oct']",2010-09-01,True,True
591,a,c,3340,0,0,1,22.0,2012.0,"['Mar', 'Jun', 'Sept', 'Dec']",,False,True
592,a,a,2540,6,2005,0,,,[],2005-06-01,True,False
593,a,c,33060,3,2010,0,,,[],2010-03-01,True,False
594,a,a,1790,10,2011,0,,,[],2011-10-01,True,False
595,c,c,1130,6,2015,0,,,[],2015-06-01,True,False
596,c,a,290,9,2006,0,,,[],2006-09-01,True,False
597,a,a,150,9,2008,1,1.0,2012.0,"['Mar', 'Jun', 'Sept', 'Dec']",2008-09-01,True,True
598,c,a,550,12,2013,1,40.0,2014.0,"['Jan', 'Apr', 'Jul', 'Oct']",2013-12-01,True,True
599,d,c,580,11,2014,0,,,[],2014-11-01,True,False
600,d,c,17340,6,2010,1,9.0,2011.0,"['Feb', 'May', 'Aug', 'Nov']",2010-06-01,True,True
601,d,a,8220,4,2014,1,14.0,2011.0,"['Jan', 'Apr', 'Jul', 'Oct']",2014-04-01,True,True
602,a,a,2710,7,2001,1,22.0,2012.0,"['Mar', 'Jun', 'Sept', 'Dec']",2001-07-01,True,True
603,a,a,340,4,2007,1,13.0,2010.0,"['Jan', 'Apr', 'Jul', 'Oct']",2007-04-01,True,True
604,d,a,10950,3,2014,0,,,[],2014-03-01,True,False
605,d,a,10310,4,2003,1,37.0,2009.0,"['Jan', 'Apr', 'Jul', 'Oct']",2003-04-01,True,True
606,a,a,2260,11,2007,0,,,[],2007-11-01,True,False
607,a,a,350,8,1999,1,14.0,2011.0,"['Jan', 'Apr', 'Jul', 'Oct']",1999-08-01,True,True
608,a,c,18370,2,2013,1,14.0,2011.0,"['Jan', 'Apr', 'Jul', 'Oct']",2013-02-01,True,True
609,a,a,2070,9,2007,0,,,[],2007-09-01,True,False
610,a,a,660,1,2007,0,,,[],2007-01-01,True,False
611,a,a,8080,12,2002,1,40.0,2014.0,"['Jan', 'Apr', 'Jul', 'Oct']",2002-12-01,True,True
612,d,c,2490,11,2012,1,31.0,2009.0,"['Jan', 'Apr', 'Jul', 'Oct']",2012-11-01,True,True
613,c,a,250,6,2007,1,14.0,2011.0,"['Jan', 'Apr', 'Jul', 'Oct']",2007-06-01,True,True
614,a,a,1160,12,2012,0,,,[],2012-12-01,True,False
615,d,a,730,8,2007,0,,,[],2007-08-01,True,False
616,a,c,3040,8,2011,1,35.0,2010.0,"['Mar', 'Jun', 'Sept', 'Dec']",2011-08-01,True,True
617,a,c,8940,0,0,1,9.0,2011.0,"['Jan', 'Apr', 'Jul', 'Oct']",,False,True
618,d,c,9910,0,0,0,,,[],,False,False
619,a,a,1600,6,2006,1,45.0,2009.0,"['Feb', 'May', 'Aug', 'Nov']",2006-06-01,True,True
620,d,c,5440,0,0,1,40.0,2014.0,"['Jan', 'Apr', 'Jul', 'Oct']",,False,True
621,a,a,30,7,2002,0,,,[],2002-07-01,True,False
622,a,c,2325,0,0,0,,,[],,False,False
623,a,a,4080,3,2011,1,13.0,2010.0,"['Jan', 'Apr', 'Jul', 'Oct']",2011-03-01,True,True
624,a,c,6920,9,2011,0,,,[],2011-09-01,True,False
625,a,a,1170,4,2011,1,22.0,2012.0,"['Feb', 'May', 'Aug', 'Nov']",2011-04-01,True,True
626,c,c,10740,11,2013,0,,,[],2013-11-01,True,False
627,c,c,3970,3,2010,0,,,[],2010-03-01,True,False
628,a,c,2180,0,0,0,,,[],,False,False
629,d,a,510,7,2014,1,23.0,2015.0,"['Mar', 'Jun', 'Sept', 'Dec']",2014-07-01,True,True
630,a,a,1690,4,2015,0,,,[],2015-04-01,True,False
631,d,c,2870,0,0,1,35.0,2012.0,"['Mar', 'Jun', 'Sept', 'Dec']",,False,True
632,a,a,3350,2,2010,0,,,[],2010-02-01,True,False
633,d,a,11640,4,2005,1,22.0,2011.0,"['Jan', 'Apr', 'Jul', 'Oct']",2005-04-01,True,True
634,d,a,18610,0,0,0,,,[],,False,False
635,a,a,27530,4,2014,0,,,[],2014-04-01,True,False
636,c,a,720,10,2004,1,13.0,2010.0,"['Jan', 'Apr', 'Jul', 'Oct']",2004-10-01,True,True
637,d,c,9790,0,0,1,31.0,2009.0,"['Feb', 'May', 'Aug', 'Nov']",,False,True
638,d,a,10170,11,2001,0,,,[],2001-11-01,True,False
639,a,a,7780,11,2006,0,,,[],2006-11-01,True,False
640,d,c,8040,0,0,0,,,[],,False,False
641,a,c,610,12,2003,1,36.0,2013.0,"['Mar', 'Jun', 'Sept', 'Dec']",2003-12-01,True,True
642,c,c,530,4,2005,1,35.0,2010.0,"['Mar', 'Jun', 'Sept', 'Dec']",2005-04-01,True,True
643,a,a,230,6,2010,1,18.0,2010.0,"['Feb', 'May', 'Aug', 'Nov']",2010-06-01,True,True
644,c,a,4030,12,2004,1,14.0,2011.0,"['Jan', 'Apr', 'Jul', 'Oct']",2004-12-01,True,True
645,a,a,90,0,0,1,45.0,2009.0,"['Feb', 'May', 'Aug', 'Nov']",,False,True
646,a,a,620,9,2014,0,,,[],2014-09-01,True,False
647,a,c,7420,4,2013,0,,,[],2013-04-01,True,False
648,d,a,2130,12,2008,0,,,[],2008-12-01,True,False
649,a,a,14570,11,2002,0,,,[],2002-11-01,True,False
650,a,a,1420,10,2012,1,40.0,2014.0,"['Jan', 'Apr', 'Jul', 'Oct']",2012-10-01,True,True
651,a,a,200,0,0,0,,,[],,False,False
652,a,a,20390,0,0,0,,,[],,False,False
653,d,c,7520,7,2014,1,45.0,2009.0,"['Feb', 'May', 'Aug', 'Nov']",2014-07-01,True,True
654,c,a,6930,9,2006,0,,,[],2006-09-01,True,False
655,d,c,960,11,2012,1,5.0,2013.0,"['Feb', 'May', 'Aug', 'Nov']",2012-11-01,True,True
656,d,a,410,4,2009,1,13.0,2010.0,"['Jan', 'Apr', 'Jul', 'Oct']",2009-04-01,True,True
657,c,c,80,1,2006,1,10.0,2014.0,"['Jan', 'Apr', 'Jul', 'Oct']",2006-01-01,True,True
658,d,c,520,0,0,1,37.0,2009.0,"['Jan', 'Apr', 'Jul', 'Oct']",,False,True
659,d,a,1590,3,2012,0,,,[],2012-03-01,True,False
660,a,a,1200,11,2006,1,40.0,2014.0,"['Jan', 'Apr', 'Jul', 'Oct']",2006-11-01,True,True
661,d,c,2140,7,2013,0,,,[],2013-07-01,True,False
662,d,a,1070,0,0,0,,,[],,False,False
663,a,c,7860,5,2005,0,,,[],2005-05-01,True,False
664,d,c,1680,10,2005,0,,,[],2005-10-01,True,False
665,a,a,90,12,2012,1,14.0,2011.0,"['Jan', 'Apr', 'Jul', 'Oct']",2012-12-01,True,True
666,c,c,2700,0,0,1,9.0,2011.0,"['Mar', 'Jun', 'Sept', 'Dec']",,False,True
667,d,c,2870,9,2012,0,,,[],2012-09-01,True,False
668,c,a,1270,9,2010,0,,,[],2010-09-01,True,False
669,d,a,17080,7,2012,1,31.0,2013.0,"['Jan', 'Apr', 'Jul', 'Oct']",2012-07-01,True,True
670,a,a,2060,0,0,1,45.0,2009.0,"['Feb', 'May', 'Aug', 'Nov']",,False,True
671,a,c,2070,2,2008,1,39.0,2010.0,"['Jan', 'Apr', 'Jul', 'Oct']",2008-02-01,True,True
672,c,a,240,9,2002,0,,,[],2002-09-01,True,False
673,d,c,15170,0,0,1,5.0,2013.0,"['Feb', 'May', 'Aug', 'Nov']",,False,True
674,a,a,2640,12,2005,1,31.0,2013.0,"['Feb', 'May', 'Aug', 'Nov']",2005-12-01,True,True
675,a,a,2100,8,2013,1,14.0,2011.0,"['Jan', 'Apr', 'Jul', 'Oct']",2013-08-01,True,True
676,b,b,1410,9,2008,0,,,[],2008-09-01,True,False
677,d,a,1740,6,2014,1,45.0,2009.0,"['Feb', 'May', 'Aug', 'Nov']",2014-06-01,True,True
678,c,a,3250,0,0,1,40.0,2011.0,"['Jan', 'Apr', 'Jul', 'Oct']",,False,True
679,a,a,4140,9,2012,0,,,[],2012-09-01,True,False
680,c,a,170,0,0,1,35.0,2012.0,"['Mar', 'Jun', 'Sept', 'Dec']",,False,True
681,a,c,620,0,0,1,1.0,2014.0,"['Mar', 'Jun', 'Sept', 'Dec']",,False,True
682,b,a,150,9,2006,0,,,[],2006-09-01,True,False
683,a,a,2850,7,2014,0,,,[],2014-07-01,True,False
684,d,c,680,0,0,1,22.0,2012.0,"['Jan', 'Apr', 'Jul', 'Oct']",,False,True
685,a,a,650,11,2013,1,37.0,2009.0,"['Jan', 'Apr', 'Jul', 'Oct']",2013-11-01,True,True
686,a,a,20050,4,2002,0,,,[],2002-04-01,True,False
687,d,c,2770,0,0,0,,,[],,False,False
688,a,a,18760,8,2015,1,14.0,2011.0,"['Jan', 'Apr', 'Jul', 'Oct']",2015-08-01,True,True
689,d,a,15040,10,2004,0,,,[],2004-10-01,True,False
690,a,a,100,0,0,0,,,[],,False,False
691,d,c,3030,0,0,1,37.0,2009.0,"['Jan', 'Apr', 'Jul', 'Oct']",,False,True
692,a,a,40,8,2001,0,,,[],2001-08-01,True,False
693,d,a,450,0,0,1,40.0,2011.0,"['Jan', 'Apr', 'Jul', 'Oct']",,False,True
694,a,c,460,11,2012,1,40.0,2014.0,"['Jan', 'Apr', 'Jul', 'Oct']",2012-11-01,True,True
695,a,a,550,7,2011,1,1.0,2012.0,"['Jan', 'Apr', 'Jul', 'Oct']",2011-07-01,True,True
696,a,c,430,0,0,0,,,[],,False,False
697,d,a,3780,0,0,1,40.0,2011.0,"['Jan', 'Apr', 'Jul', 'Oct']",,False,True
698,a,a,1790,5,2011,0,,,[],2011-05-01,True,False
699,a,a,180,0,0,1,5.0,2013.0,"['Jan', 'Apr', 'Jul', 'Oct']",,False,True
700,a,c,830,0,0,1,27.0,2013.0,"['Jan', 'Apr', 'Jul', 'Oct']",,False,True
701,d,a,1450,3,2012,1,14.0,2011.0,"['Jan', 'Apr', 'Jul', 'Oct']",2012-03-01,True,True
702,a,a,8550,9,2001,1,45.0,2009.0,"['Feb', 'May', 'Aug', 'Nov']",2001-09-01,True,True
703,a,a,80,6,2005,0,,,[],2005-06-01,True,False
704,d,c,1910,4,2009,0,,,[],2009-04-01,True,False
705,a,a,4140,9,2012,1,18.0,2011.0,"['Feb', 'May', 'Aug', 'Nov']",2012-09-01,True,True
706,d,a,7830,9,2014,1,10.0,2014.0,"['Mar', 'Jun', 'Sept', 'Dec']",2014-09-01,True,True
707,a,c,2900,7,1990,0,,,[],1990-07-01,True,False
708,c,c,11470,10,2009,1,18.0,2014.0,"['Jan', 'Apr', 'Jul', 'Oct']",2009-10-01,True,True
709,a,a,500,12,2010,0,,,[],2010-12-01,True,False
710,d,a,1500,9,2008,1,14.0,2011.0,"['Jan', 'Apr', 'Jul', 'Oct']",2008-09-01,True,True
711,d,a,17110,3,2007,1,5.0,2010.0,"['Jan', 'Apr', 'Jul', 'Oct']",2007-03-01,True,True
712,a,a,4870,9,2007,1,45.0,2009.0,"['Jan', 'Apr', 'Jul', 'Oct']",2007-09-01,True,True
713,a,c,220,0,0,1,10.0,2014.0,"['Jan', 'Apr', 'Jul', 'Oct']",,False,True
714,d,c,12070,10,2005,1,10.0,2013.0,"['Jan', 'Apr', 'Jul', 'Oct']",2005-10-01,True,True
715,a,a,14810,6,2014,0,,,[],2014-06-01,True,False
716,d,a,3200,1,2008,1,22.0,2011.0,"['Jan', 'Apr', 'Jul', 'Oct']",2008-01-01,True,True
717,d,c,310,0,0,1,40.0,2011.0,"['Jan', 'Apr', 'Jul', 'Oct']",,False,True
718,a,a,1100,6,2015,0,,,[],2015-06-01,True,False
719,c,c,8190,0,0,1,45.0,2009.0,"['Feb', 'May', 'Aug', 'Nov']",,False,True
720,a,c,15320,3,2011,1,14.0,2013.0,"['Feb', 'May', 'Aug', 'Nov']",2011-03-01,True,True
721,a,c,3590,9,2012,1,22.0,2012.0,"['Mar', 'Jun', 'Sept', 'Dec']",2012-09-01,True,True
722,a,a,50,0,0,0,,,[],,False,False
723,d,c,5650,9,2008,1,5.0,2013.0,"['Feb', 'May', 'Aug', 'Nov']",2008-09-01,True,True
724,d,c,5900,0,0,0,,,[],,False,False
725,d,c,17540,6,2012,0,,,[],2012-06-01,True,False
726,a,c,40540,2,2002,0,,,[],2002-02-01,True,False
727,a,a,2050,3,2007,0,,,[],2007-03-01,True,False
728,d,a,13990,0,0,1,14.0,2011.0,"['Jan', 'Apr', 'Jul', 'Oct']",,False,True
729,c,c,8980,6,2011,0,,,[],2011-06-01,True,False
730,c,a,1190,9,2013,0,,,[],2013-09-01,True,False
731,a,a,15270,0,0,1,10.0,2014.0,"['Jan', 'Apr', 'Jul', 'Oct']",,False,True
732,a,c,35280,0,0,0,,,[],,False,False
733,b,b,860,10,1999,0,,,[],1999-10-01,True,False
734,a,a,220,0,0,1,36.0,2013.0,"['Mar', 'Jun', 'Sept', 'Dec']",,False,True
735,d,c,1920,4,2005,0,,,[],2005-04-01,True,False
736,c,c,1650,0,0,1,14.0,2011.0,"['Jan', 'Apr', 'Jul', 'Oct']",,False,True
737,a,a,100,5,2007,1,31.0,2013.0,"['Jan', 'Apr', 'Jul', 'Oct']",2007-05-01,True,True
738,d,c,5980,10,2005,0,,,[],2005-10-01,True,False
739,d,c,2770,6,2008,1,22.0,2011.0,"['Jan', 'Apr', 'Jul', 'Oct']",2008-06-01,True,True
740,d,a,6400,3,2014,0,,,[],2014-03-01,True,False
741,d,c,11900,0,0,0,,,[],,False,False
742,d,c,4380,0,0,0,,,[],,False,False
743,a,a,6710,11,2003,1,14.0,2012.0,"['Jan', 'Apr', 'Jul', 'Oct']",2003-11-01,True,True
744,a,a,1370,12,2011,1,40.0,2014.0,"['Jan', 'Apr', 'Jul', 'Oct']",2011-12-01,True,True
745,a,a,17650,11,2013,1,37.0,2009.0,"['Jan', 'Apr', 'Jul', 'Oct']",2013-11-01,True,True
746,d,c,4330,2,2011,1,35.0,2011.0,"['Mar', 'Jun', 'Sept', 'Dec']",2011-02-01,True,True
747,c,c,45740,8,2008,0,,,[],2008-08-01,True,False
748,d,a,2380,3,2010,1,14.0,2011.0,"['Jan', 'Apr', 'Jul', 'Oct']",2010-03-01,True,True
749,a,a,3410,8,2011,1,14.0,2015.0,"['Jan', 'Apr', 'Jul', 'Oct']",2011-08-01,True,True
750,d,a,8670,2,2002,1,14.0,2011.0,"['Jan', 'Apr', 'Jul', 'Oct']",2002-02-01,True,True
751,a,a,650,10,2006,0,,,[],2006-10-01,True,False
752,a,a,970,3,2013,1,31.0,2013.0,"['Feb', 'May', 'Aug', 'Nov']",2013-03-01,True,True
753,d,c,540,11,2012,1,35.0,2010.0,"['Mar', 'Jun', 'Sept', 'Dec']",2012-11-01,True,True
754,c,c,380,5,2008,1,10.0,2014.0,"['Mar', 'Jun', 'Sept', 'Dec']",2008-05-01,True,True
755,d,c,13130,12,2003,0,,,[],2003-12-01,True,False
756,a,c,50,0,0,1,40.0,2011.0,"['Jan', 'Apr', 'Jul', 'Oct']",,False,True
757,a,c,3450,0,0,0,,,[],,False,False
758,a,c,19780,6,2008,0,,,[],2008-06-01,True,False
759,a,a,110,11,2012,1,31.0,2013.0,"['Feb', 'May', 'Aug', 'Nov']",2012-11-01,True,True
760,a,a,560,1,2011,0,,,[],2011-01-01,True,False
761,a,a,2390,9,2012,0,,,[],2012-09-01,True,False
762,d,c,1280,0,0,1,10.0,2013.0,"['Mar', 'Jun', 'Sept', 'Dec']",,False,True
763,d,c,32240,3,2010,0,,,[],2010-03-01,True,False
764,a,c,26490,0,0,1,10.0,2014.0,"['Mar', 'Jun', 'Sept', 'Dec']",,False,True
765,a,c,25430,5,1999,1,37.0,2009.0,"['Jan', 'Apr', 'Jul', 'Oct']",1999-05-01,True,True
766,d,c,9820,0,0,0,,,[],,False,False
767,a,c,13080,0,0,0,,,[],,False,False
768,a,c,2630,9,2012,0,,,[],2012-09-01,True,False
769,b,b,840,0,0,1,48.0,2012.0,"['Jan', 'Apr', 'Jul', 'Oct']",,False,True
770,a,c,100,4,2015,0,,,[],2015-04-01,True,False
771,a,a,20640,9,2007,0,,,[],2007-09-01,True,False
772,d,c,1850,0,0,0,,,[],,False,False
773,a,a,200,0,0,0,,,[],,False,False
774,a,c,640,9,2013,0,,,[],2013-09-01,True,False
775,d,c,6970,12,2005,1,22.0,2011.0,"['Jan', 'Apr', 'Jul', 'Oct']",2005-12-01,True,True
776,c,a,700,4,2009,1,14.0,2011.0,"['Jan', 'Apr', 'Jul', 'Oct']",2009-04-01,True,True
777,d,c,8250,10,2004,1,10.0,2013.0,"['Mar', 'Jun', 'Sept', 'Dec']",2004-10-01,True,True
778,a,a,340,6,2003,1,40.0,2014.0,"['Jan', 'Apr', 'Jul', 'Oct']",2003-06-01,True,True
779,a,a,16990,4,2004,0,,,[],2004-04-01,True,False
780,a,a,18160,0,0,0,,,[],,False,False
781,a,a,630,4,2007,0,,,[],2007-04-01,True,False
782,c,c,5390,8,2003,1,1.0,2012.0,"['Jan', 'Apr', 'Jul', 'Oct']",2003-08-01,True,True
783,d,c,15490,0,0,0,,,[],,False,False
784,a,a,560,10,2014,1,10.0,2014.0,"['Jan', 'Apr', 'Jul', 'Oct']",2014-10-01,True,True
785,d,c,970,7,2005,1,31.0,2013.0,"['Feb', 'May', 'Aug', 'Nov']",2005-07-01,True,True
786,a,a,290,11,2006,1,5.0,2013.0,"['Feb', 'May', 'Aug', 'Nov']",2006-11-01,True,True
787,c,c,3210,6,2009,0,,,[],2009-06-01,True,False
788,a,c,1530,3,2013,0,,,[],2013-03-01,True,False
789,a,c,9770,7,2003,0,,,[],2003-07-01,True,False
790,d,c,9070,12,2003,0,,,[],2003-12-01,True,False
791,a,a,5950,4,2007,0,,,[],2007-04-01,True,False
792,d,a,17280,10,2009,1,18.0,2011.0,"['Feb', 'May', 'Aug', 'Nov']",2009-10-01,True,True
793,d,a,2710,7,2006,0,,,[],2006-07-01,True,False
794,c,c,5090,9,2006,0,,,[],2006-09-01,True,False
795,d,a,510,0,0,1,35.0,2010.0,"['Mar', 'Jun', 'Sept', 'Dec']",,False,True
796,a,c,7180,11,2012,0,,,[],2012-11-01,True,False
797,a,a,2090,10,2012,1,40.0,2014.0,"['Jan', 'Apr', 'Jul', 'Oct']",2012-10-01,True,True
798,a,a,9560,4,2001,0,,,[],2001-04-01,True,False
799,a,c,2700,0,0,0,,,[],,False,False
800,d,a,2020,7,2014,0,,,[],2014-07-01,True,False
801,d,a,48330,4,2013,0,,,[],2013-04-01,True,False
802,a,c,910,0,0,1,22.0,2011.0,"['Feb', 'May', 'Aug', 'Nov']",,False,True
803,d,a,1760,0,0,1,10.0,2014.0,"['Mar', 'Jun', 'Sept', 'Dec']",,False,True
804,c,c,2100,0,0,1,1.0,2013.0,"['Jan', 'Apr', 'Jul', 'Oct']",,False,True
805,d,a,24770,10,2011,1,10.0,2014.0,"['Mar', 'Jun', 'Sept', 'Dec']",2011-10-01,True,True
806,d,a,260,0,0,1,44.0,2010.0,"['Feb', 'May', 'Aug', 'Nov']",,False,True
807,a,a,3870,4,2008,0,,,[],2008-04-01,True,False
808,a,a,18620,0,0,1,31.0,2009.0,"['Feb', 'May', 'Aug', 'Nov']",,False,True
809,a,a,12770,10,2000,0,,,[],2000-10-01,True,False
810,d,c,9640,11,2013,0,,,[],2013-11-01,True,False
811,a,a,410,9,2012,0,,,[],2012-09-01,True,False
812,d,a,2590,9,2012,0,,,[],2012-09-01,True,False
813,a,a,1560,9,2003,0,,,[],2003-09-01,True,False
814,d,c,24530,7,2013,0,,,[],2013-07-01,True,False
815,a,a,590,1,1900,1,40.0,2014.0,"['Jan', 'Apr', 'Jul', 'Oct']",1900-01-01,True,True
816,c,c,460,0,0,0,,,[],,False,False
817,a,a,140,3,2006,0,,,[],2006-03-01,True,False
818,d,a,490,0,0,1,35.0,2010.0,"['Mar', 'Jun', 'Sept', 'Dec']",,False,True
819,a,c,720,10,2014,0,,,[],2014-10-01,True,False
820,a,c,1650,0,0,1,40.0,2014.0,"['Jan', 'Apr', 'Jul', 'Oct']",,False,True
821,a,a,1700,9,2009,0,,,[],2009-09-01,True,False
822,a,c,410,11,2010,1,48.0,2010.0,"['Mar', 'Jun', 'Sept', 'Dec']",2010-11-01,True,True
823,a,c,16210,11,2010,0,,,[],2010-11-01,True,False
824,a,a,17570,0,0,0,,,[],,False,False
825,a,a,380,5,2011,1,40.0,2014.0,"['Jan', 'Apr', 'Jul', 'Oct']",2011-05-01,True,True
826,a,c,7980,6,2005,0,,,[],2005-06-01,True,False
827,a,c,250,1,2005,0,,,[],2005-01-01,True,False
828,d,c,3290,12,2014,0,,,[],2014-12-01,True,False
829,c,a,110,0,0,0,,,[],,False,False
830,a,c,6320,0,0,1,5.0,2011.0,"['Jan', 'Apr', 'Jul', 'Oct']",,False,True
831,a,a,800,6,2007,0,,,[],2007-06-01,True,False
832,d,a,5070,0,0,1,45.0,2009.0,"['Feb', 'May', 'Aug', 'Nov']",,False,True
833,d,c,3290,12,1999,1,35.0,2010.0,"['Mar', 'Jun', 'Sept', 'Dec']",1999-12-01,True,True
834,a,a,3470,3,2012,0,,,[],2012-03-01,True,False
835,a,a,2890,12,2007,1,10.0,2014.0,"['Mar', 'Jun', 'Sept', 'Dec']",2007-12-01,True,True
836,a,a,2720,9,2012,0,,,[],2012-09-01,True,False
837,a,c,14600,4,2015,0,,,[],2015-04-01,True,False
838,d,c,6890,0,0,1,48.0,2011.0,"['Mar', 'Jun', 'Sept', 'Dec']",,False,True
839,c,a,240,1,2015,0,,,[],2015-01-01,True,False
840,a,a,1070,9,2009,0,,,[],2009-09-01,True,False
841,a,a,27650,8,2004,0,,,[],2004-08-01,True,False
842,d,c,1200,11,2007,0,,,[],2007-11-01,True,False
843,c,a,60,4,2006,0,,,[],2006-04-01,True,False
844,a,a,2030,9,2012,1,18.0,2011.0,"['Feb', 'May', 'Aug', 'Nov']",2012-09-01,True,True
845,d,a,7860,11,2005,1,14.0,2011.0,"['Jan', 'Apr', 'Jul', 'Oct']",2005-11-01,True,True
846,a,c,8860,4,2004,1,37.0,2009.0,"['Jan', 'Apr', 'Jul', 'Oct']",2004-04-01,True,True
847,c,c,190,0,0,1,31.0,2013.0,"['Feb', 'May', 'Aug', 'Nov']",,False,True
848,a,c,370,7,2007,1,14.0,2011.0,"['Jan', 'Apr', 'Jul', 'Oct']",2007-07-01,True,True
849,c,c,5000,0,0,0,,,[],,False,False
850,d,a,1120,5,2007,1,31.0,2013.0,"['Jan', 'Apr', 'Jul', 'Oct']",2007-05-01,True,True
851,d,c,2330,0,0,1,49.0,2014.0,"['Mar', 'Jun', 'Sept', 'Dec']",,False,True
852,c,a,940,4,2004,1,14.0,2011.0,"['Jan', 'Apr', 'Jul', 'Oct']",2004-04-01,True,True
853,a,a,14040,0,0,0,,,[],,False,False
854,c,a,4770,0,0,1,13.0,2010.0,"['Jan', 'Apr', 'Jul', 'Oct']",,False,True
855,a,a,3440,0,0,1,45.0,2009.0,"['Feb', 'May', 'Aug', 'Nov']",,False,True
856,a,a,3020,2,2010,0,,,[],2010-02-01,True,False
857,c,a,6270,8,2005,1,23.0,2014.0,"['Mar', 'Jun', 'Sept', 'Dec']",2005-08-01,True,True
858,a,a,3370,12,2008,1,40.0,2014.0,"['Jan', 'Apr', 'Jul', 'Oct']",2008-12-01,True,True
859,c,a,21770,7,2015,0,,,[],2015-07-01,True,False
860,c,c,5980,2,2010,0,,,[],2010-02-01,True,False
861,c,c,740,0,0,1,14.0,2013.0,"['Mar', 'Jun', 'Sept', 'Dec']",,False,True
862,a,c,2840,3,2010,1,14.0,2011.0,"['Jan', 'Apr', 'Jul', 'Oct']",2010-03-01,True,True
863,a,c,21370,11,2010,0,,,[],2010-11-01,True,False
864,a,a,1020,10,2012,1,45.0,2009.0,"['Feb', 'May', 'Aug', 'Nov']",2012-10-01,True,True
865,d,c,2640,0,0,0,,,[],,False,False
866,d,a,9680,0,0,1,5.0,2013.0,"['Feb', 'May', 'Aug', 'Nov']",,False,True
867,d,c,21810,9,2012,0,,,[],2012-09-01,True,False
868,d,c,1360,8,2005,1,10.0,2014.0,"['Jan', 'Apr', 'Jul', 'Oct']",2005-08-01,True,True
869,c,a,230,10,2001,1,14.0,2011.0,"['Jan', 'Apr', 'Jul', 'Oct']",2001-10-01,True,True
870,a,a,780,4,2009,0,,,[],2009-04-01,True,False
871,d,c,10620,0,0,0,,,[],,False,False
872,a,c,3860,9,2014,1,23.0,2015.0,"['Mar', 'Jun', 'Sept', 'Dec']",2014-09-01,True,True
873,a,a,2040,11,2008,0,,,[],2008-11-01,True,False
874,a,a,3210,0,0,0,,,[],,False,False
875,d,a,5070,11,2007,1,18.0,2015.0,"['Feb', 'May', 'Aug', 'Nov']",2007-11-01,True,True
876,a,a,21790,4,2005,1,18.0,2015.0,"['Feb', 'May', 'Aug', 'Nov']",2005-04-01,True,True
877,a,c,29190,0,0,0,,,[],,False,False
878,d,c,1100,12,2014,0,,,[],2014-12-01,True,False
879,d,a,2325,0,0,1,5.0,2013.0,"['Feb', 'May', 'Aug', 'Nov']",,False,True
880,a,c,4570,0,0,0,,,[],,False,False
881,a,a,180,3,2008,1,31.0,2013.0,"['Feb', 'May', 'Aug', 'Nov']",2008-03-01,True,True
882,a,a,30,4,2013,0,,,[],2013-04-01,True,False
883,a,a,3200,6,2005,0,,,[],2005-06-01,True,False
884,d,c,7550,0,0,0,,,[],,False,False
885,a,a,480,12,2005,0,,,[],2005-12-01,True,False
886,a,c,12430,10,2004,0,,,[],2004-10-01,True,False
887,d,a,19700,0,0,1,37.0,2009.0,"['Jan', 'Apr', 'Jul', 'Oct']",,False,True
888,d,a,4450,6,2012,1,35.0,2012.0,"['Mar', 'Jun', 'Sept', 'Dec']",2012-06-01,True,True
889,d,a,18670,12,2005,0,,,[],2005-12-01,True,False
890,a,a,4450,0,0,1,14.0,2011.0,"['Jan', 'Apr', 'Jul', 'Oct']",,False,True
891,a,c,350,0,0,1,31.0,2013.0,"['Feb', 'May', 'Aug', 'Nov']",,False,True
892,a,a,19370,4,2002,0,,,[],2002-04-01,True,False
893,a,a,130,0,0,1,1.0,2013.0,"['Jan', 'Apr', 'Jul', 'Oct']",,False,True
894,a,a,190,11,2012,0,,,[],2012-11-01,True,False
895,a,c,4150,0,0,0,,,[],,False,False
896,a,c,170,9,2012,0,,,[],2012-09-01,True,False
897,c,c,3290,1,2007,1,5.0,2013.0,"['Feb', 'May', 'Aug', 'Nov']",2007-01-01,True,True
898,a,a,18540,0,0,0,,,[],,False,False
899,d,a,2590,0,0,1,13.0,2010.0,"['Jan', 'Apr', 'Jul', 'Oct']",,False,True
900,a,a,3920,4,2005,1,40.0,2014.0,"['Jan', 'Apr', 'Jul', 'Oct']",2005-04-01,True,True
901,a,c,3170,4,2014,0,,,[],2014-04-01,True,False
902,a,a,310,5,2015,1,40.0,2014.0,"['Jan', 'Apr', 'Jul', 'Oct']",2015-05-01,True,True
903,d,c,7290,9,2014,0,,,[],2014-09-01,True,False
904,d,c,570,7,2013,1,14.0,2011.0,"['Jan', 'Apr', 'Jul', 'Oct']",2013-07-01,True,True
905,a,a,90,6,2014,0,,,[],2014-06-01,True,False
906,a,a,90,7,2010,0,,,[],2010-07-01,True,False
907,a,c,250,0,0,0,,,[],,False,False
908,a,a,1980,7,2010,1,37.0,2009.0,"['Jan', 'Apr', 'Jul', 'Oct']",2010-07-01,True,True
909,a,c,1680,0,0,1,45.0,2009.0,"['Feb', 'May', 'Aug', 'Nov']",,False,True
910,d,c,12480,0,0,1,1.0,2013.0,"['Jan', 'Apr', 'Jul', 'Oct']",,False,True
911,a,c,16490,0,0,0,,,[],,False,False
912,c,c,3100,5,2010,0,,,[],2010-05-01,True,False
913,a,a,280,0,0,0,,,[],,False,False
914,c,c,2640,4,2011,1,22.0,2012.0,"['Mar', 'Jun', 'Sept', 'Dec']",2011-04-01,True,True
915,d,c,650,3,2013,1,40.0,2014.0,"['Jan', 'Apr', 'Jul', 'Oct']",2013-03-01,True,True
916,a,a,90,11,2012,0,,,[],2012-11-01,True,False
917,a,a,7240,2,2010,0,,,[],2010-02-01,True,False
918,a,c,18710,4,2015,0,,,[],2015-04-01,True,False
919,a,a,2620,0,0,1,45.0,2009.0,"['Feb', 'May', 'Aug', 'Nov']",,False,True
920,a,a,850,2,2012,1,40.0,2014.0,"['Jan', 'Apr', 'Jul', 'Oct']",2012-02-01,True,True
921,a,a,840,9,2006,0,,,[],2006-09-01,True,False
922,d,a,2110,3,2006,0,,,[],2006-03-01,True,False
923,a,a,280,9,2008,0,,,[],2008-09-01,True,False
924,a,a,6420,4,2011,1,1.0,2012.0,"['Jan', 'Apr', 'Jul', 'Oct']",2011-04-01,True,True
925,c,a,470,3,2007,1,1.0,2012.0,"['Jan', 'Apr', 'Jul', 'Oct']",2007-03-01,True,True
926,d,c,5150,3,2011,1,13.0,2010.0,"['Jan', 'Apr', 'Jul', 'Oct']",2011-03-01,True,True
927,a,a,480,0,0,0,,,[],,False,False
928,d,c,1090,0,0,1,31.0,2013.0,"['Feb', 'May', 'Aug', 'Nov']",,False,True
929,a,c,4820,9,2013,0,,,[],2013-09-01,True,False
930,a,a,70,0,0,0,,,[],,False,False
931,a,c,1480,9,2011,1,1.0,2012.0,"['Jan', 'Apr', 'Jul', 'Oct']",2011-09-01,True,True
932,a,a,15700,0,0,1,13.0,2010.0,"['Jan', 'Apr', 'Jul', 'Oct']",,False,True
933,a,c,6270,2,2005,0,,,[],2005-02-01,True,False
934,a,c,5460,0,0,1,14.0,2011.0,"['Jan', 'Apr', 'Jul', 'Oct']",,False,True
935,a,c,22350,6,2010,0,,,[],2010-06-01,True,False
936,a,a,580,2,2008,0,,,[],2008-02-01,True,False
937,d,a,2810,0,0,1,10.0,2014.0,"['Jan', 'Apr', 'Jul', 'Oct']",,False,True
938,a,a,2820,9,2009,0,,,[],2009-09-01,True,False
939,d,a,1340,0,0,0,,,[],,False,False
940,d,c,6470,9,2012,0,,,[],2012-09-01,True,False
941,a,a,1200,12,2011,1,31.0,2013.0,"['Jan', 'Apr', 'Jul', 'Oct']",2011-12-01,True,True
942,d,c,6860,0,0,1,18.0,2011.0,"['Jan', 'Apr', 'Jul', 'Oct']",,False,True
943,d,c,18020,0,0,0,,,[],,False,False
944,c,a,1670,7,2015,0,,,[],2015-07-01,True,False
945,a,c,12480,3,2011,0,,,[],2011-03-01,True,False
946,a,a,2220,12,2011,1,14.0,2015.0,"['Jan', 'Apr', 'Jul', 'Oct']",2011-12-01,True,True
947,a,a,460,3,2014,1,13.0,2010.0,"['Jan', 'Apr', 'Jul', 'Oct']",2014-03-01,True,True
948,b,b,1430,0,0,0,,,[],,False,False
949,a,a,870,3,2006,0,,,[],2006-03-01,True,False
950,a,a,8460,11,1994,0,,,[],1994-11-01,True,False
951,d,c,710,0,0,1,40.0,2011.0,"['Jan', 'Apr', 'Jul', 'Oct']",,False,True
952,d,c,6300,10,2013,0,,,[],2013-10-01,True,False
953,a,a,19830,4,2006,1,22.0,2011.0,"['Mar', 'Jun', 'Sept', 'Dec']",2006-04-01,True,True
954,a,a,390,2,2013,1,10.0,2014.0,"['Jan', 'Apr', 'Jul', 'Oct']",2013-02-01,True,True
955,d,c,1690,7,2009,1,36.0,2013.0,"['Mar', 'Jun', 'Sept', 'Dec']",2009-07-01,True,True
956,a,a,2330,10,2014,1,18.0,2011.0,"['Feb', 'May', 'Aug', 'Nov']",2014-10-01,True,True
957,d,c,1420,11,2012,0,,,[],2012-11-01,True,False
958,a,a,440,11,2013,0,,,[],2013-11-01,True,False
959,a,c,1060,12,2005,0,,,[],2005-12-01,True,False
960,d,a,8990,0,0,1,31.0,2009.0,"['Feb', 'May', 'Aug', 'Nov']",,False,True
961,d,c,9430,0,0,0,,,[],,False,False
962,c,a,260,0,0,0,,,[],,False,False
963,a,c,23620,11,2013,0,,,[],2013-11-01,True,False
964,a,a,270,0,0,1,5.0,2013.0,"['Feb', 'May', 'Aug', 'Nov']",,False,True
965,a,c,110,0,0,0,,,[],,False,False
966,a,a,760,2,2008,0,,,[],2008-02-01,True,False
967,a,c,3560,9,2013,1,36.0,2013.0,"['Jan', 'Apr', 'Jul', 'Oct']",2013-09-01,True,True
968,c,a,1190,0,0,0,,,[],,False,False
969,a,c,600,11,1999,1,10.0,2013.0,"['Jan', 'Apr', 'Jul', 'Oct']",1999-11-01,True,True
970,a,a,910,12,2014,1,37.0,2009.0,"['Jan', 'Apr', 'Jul', 'Oct']",2014-12-01,True,True
971,c,a,1140,5,2011,1,14.0,2012.0,"['Mar', 'Jun', 'Sept', 'Dec']",2011-05-01,True,True
972,a,a,14960,0,0,0,,,[],,False,False
973,d,c,330,0,0,1,28.0,2012.0,"['Jan', 'Apr', 'Jul', 'Oct']",,False,True
974,a,a,150,3,2011,1,40.0,2014.0,"['Jan', 'Apr', 'Jul', 'Oct']",2011-03-01,True,True
975,a,c,9630,0,0,1,14.0,2011.0,"['Jan', 'Apr', 'Jul', 'Oct']",,False,True
976,a,a,4180,0,0,0,,,[],,False,False
977,a,a,520,9,2005,1,13.0,2010.0,"['Jan', 'Apr', 'Jul', 'Oct']",2005-09-01,True,True
978,c,c,3890,0,0,0,,,[],,False,False
979,a,c,2270,11,2005,1,14.0,2011.0,"['Jan', 'Apr', 'Jul', 'Oct']",2005-11-01,True,True
980,a,a,4420,9,2005,0,,,[],2005-09-01,True,False
981,d,c,2620,11,2002,0,,,[],2002-11-01,True,False
982,d,a,21930,0,0,0,,,[],,False,False
983,a,a,40,3,2014,1,1.0,2014.0,"['Jan', 'Apr', 'Jul', 'Oct']",2014-03-01,True,True
984,c,a,440,0,0,1,1.0,2013.0,"['Jan', 'Apr', 'Jul', 'Oct']",,False,True
985,c,c,490,5,2007,1,13.0,2010.0,"['Jan', 'Apr', 'Jul', 'Oct']",2007-05-01,True,True
986,a,a,620,10,2014,1,18.0,2014.0,"['Feb', 'May', 'Aug', 'Nov']",2014-10-01,True,True
987,c,a,1690,6,2007,0,,,[],2007-06-01,True,False
988,a,a,30,11,2012,0,,,[],2012-11-01,True,False
989,a,a,1640,6,2006,1,40.0,2011.0,"['Jan', 'Apr', 'Jul', 'Oct']",2006-06-01,True,True
990,d,a,20930,0,0,0,,,[],,False,False
991,a,a,1010,0,0,0,,,[],,False,False
992,a,a,2480,7,1990,0,,,[],1990-07-01,True,False
993,d,c,3460,10,2013,1,10.0,2014.0,"['Jan', 'Apr', 'Jul', 'Oct']",2013-10-01,True,True
994,a,a,2290,7,2011,1,1.0,2012.0,"['Jan', 'Apr', 'Jul', 'Oct']",2011-07-01,True,True
995,d,a,6560,12,2013,0,,,[],2013-12-01,True,False
996,c,a,2870,7,2015,1,13.0,2010.0,"['Jan', 'Apr', 'Jul', 'Oct']",2015-07-01,True,True
997,d,c,5840,7,2010,1,37.0,2009.0,"['Jan', 'Apr', 'Jul', 'Oct']",2010-07-01,True,True
998,a,a,780,9,2005,1,5.0,2013.0,"['Feb', 'May', 'Aug', 'Nov']",2005-09-01,True,True
999,d,c,15140,2,2002,1,37.0,2009.0,"['Jan', 'Apr', 'Jul', 'Oct']",2002-02-01,True,True
1000,a,c,2230,5,2009,1,40.0,2014.0,"['Jan', 'Apr', 'Jul', 'Oct']",2009-05-01,True,True
1001,c,a,19640,0,0,1,14.0,2011.0,"['Jan', 'Apr', 'Jul', 'Oct']",,False,True
1002,d,c,1130,11,2008,0,,,[],2008-11-01,True,False
1003,a,a,170,7,2013,1,27.0,2013.0,"['Jan', 'Apr', 'Jul', 'Oct']",2013-07-01,True,True
1004,d,c,970,0,0,1,9.0,2011.0,"['Mar', 'Jun', 'Sept', 'Dec']",,False,True
1005,a,a,6480,0,0,0,,,[],,False,False
1006,c,c,3890,11,2006,1,5.0,2013.0,"['Feb', 'May', 'Aug', 'Nov']",2006-11-01,True,True
1007,c,c,4180,9,2012,0,,,[],2012-09-01,True,False
1008,a,c,30,9,2010,0,,,[],2010-09-01,True,False
1009,a,a,230,7,2004,1,10.0,2014.0,"['Jan', 'Apr', 'Jul', 'Oct']",2004-07-01,True,True
1010,d,c,4610,6,2010,1,18.0,2010.0,"['Feb', 'May', 'Aug', 'Nov']",2010-06-01,True,True
1011,a,c,490,9,2012,1,18.0,2011.0,"['Feb', 'May', 'Aug', 'Nov']",2012-09-01,True,True
1012,d,c,6330,6,2004,1,39.0,2010.0,"['Jan', 'Apr', 'Jul', 'Oct']",2004-06-01,True,True
1013,a,a,630,2,2015,1,31.0,2013.0,"['Feb', 'May', 'Aug', 'Nov']",2015-02-01,True,True
1014,a,c,210,0,0,1,31.0,2013.0,"['Jan', 'Apr', 'Jul', 'Oct']",,False,True
1015,d,c,9910,12,2010,1,9.0,2011.0,"['Mar', 'Jun', 'Sept', 'Dec']",2010-12-01,True,True
1016,c,c,550,0,0,1,35.0,2010.0,"['Mar', 'Jun', 'Sept', 'Dec']",,False,True
1017,c,a,110,11,2008,0,,,[],2008-11-01,True,False
1018,c,c,140,9,2012,0,,,[],2012-09-01,True,False
1019,d,c,2740,7,2014,1,13.0,2010.0,"['Jan', 'Apr', 'Jul', 'Oct']",2014-07-01,True,True
1020,a,a,40,8,2015,0,,,[],2015-08-01,True,False
1021,a,a,1080,5,2011,0,,,[],2011-05-01,True,False
1022,a,c,1520,0,0,0,,,[],,False,False
1023,c,a,3740,2,2002,1,14.0,2011.0,"['Jan', 'Apr', 'Jul', 'Oct']",2002-02-01,True,True
1024,c,c,1990,1,2012,0,,,[],2012-01-01,True,False
1025,a,a,720,11,2009,0,,,[],2009-11-01,True,False
1026,c,a,450,6,2011,1,48.0,2012.0,"['Mar', 'Jun', 'Sept', 'Dec']",2011-06-01,True,True
1027,a,c,190,6,2008,1,40.0,2011.0,"['Jan', 'Apr', 'Jul', 'Oct']",2008-06-01,True,True
1028,a,a,150,0,0,1,31.0,2013.0,"['Jan', 'Apr', 'Jul', 'Oct']",,False,True
1029,a,a,1590,3,2006,0,,,[],2006-03-01,True,False
1030,a,a,36410,4,2008,0,,,[],2008-04-01,True,False
1031,d,a,590,5,2001,0,,,[],2001-05-01,True,False
1032,d,c,270,2,2013,1,40.0,2012.0,"['Jan', 'Apr', 'Jul', 'Oct']",2013-02-01,True,True
1033,a,a,7680,3,2006,0,,,[],2006-03-01,True,False
1034,a,a,13750,4,2015,0,,,[],2015-04-01,True,False
1035,a,a,27150,0,0,0,,,[],,False,False
1036,d,c,9560,0,0,1,36.0,2013.0,"['Jan', 'Apr', 'Jul', 'Oct']",,False,True
1037,a,c,150,0,0,0,,,[],,False,False
1038,d,a,17290,10,2013,0,,,[],2013-10-01,True,False
1039,a,c,70,6,1990,1,22.0,2012.0,"['Mar', 'Jun', 'Sept', 'Dec']",1990-06-01,True,True
1040,a,a,4030,2,2013,1,10.0,2014.0,"['Jan', 'Apr', 'Jul', 'Oct']",2013-02-01,True,True
1041,c,a,1600,8,2013,1,40.0,2014.0,"['Jan', 'Apr', 'Jul', 'Oct']",2013-08-01,True,True
1042,a,a,3440,0,0,1,31.0,2013.0,"['Feb', 'May', 'Aug', 'Nov']",,False,True
1043,c,a,420,3,2006,0,,,[],2006-03-01,True,False
1044,c,a,240,4,2015,1,13.0,2010.0,"['Jan', 'Apr', 'Jul', 'Oct']",2015-04-01,True,True
1045,a,c,26990,12,2013,0,,,[],2013-12-01,True,False
1046,d,c,29070,4,2005,0,,,[],2005-04-01,True,False
1047,a,a,3750,0,0,1,45.0,2009.0,"['Feb', 'May', 'Aug', 'Nov']",,False,True
1048,d,c,1860,9,2012,1,40.0,2012.0,"['Jan', 'Apr', 'Jul', 'Oct']",2012-09-01,True,True
1049,a,a,370,7,2012,1,14.0,2011.0,"['Jan', 'Apr', 'Jul', 'Oct']",2012-07-01,True,True
1050,d,c,13170,8,2014,1,9.0,2011.0,"['Mar', 'Jun', 'Sept', 'Dec']",2014-08-01,True,True
1051,c,a,200,7,1998,1,1.0,2012.0,"['Jan', 'Apr', 'Jul', 'Oct']",1998-07-01,True,True
1052,a,c,5080,0,0,1,31.0,2013.0,"['Feb', 'May', 'Aug', 'Nov']",,False,True
1053,a,a,1710,7,2015,0,,,[],2015-07-01,True,False
1054,a,c,13190,0,0,1,45.0,2013.0,"['Feb', 'May', 'Aug', 'Nov']",,False,True
1055,c,a,1980,4,2009,0,,,[],2009-04-01,True,False
1056,d,c,5350,0,0,1,40.0,2012.0,"['Jan', 'Apr', 'Jul', 'Oct']",,False,True
1057,d,c,3230,11,2011,0,,,[],2011-11-01,True,False
1058,a,c,180,0,0,1,35.0,2010.0,"['Mar', 'Jun', 'Sept', 'Dec']",,False,True
1059,c,a,3380,4,2013,0,,,[],2013-04-01,True,False
1060,a,c,3430,0,0,1,31.0,2013.0,"['Feb', 'May', 'Aug', 'Nov']",,False,True
1061,d,c,8110,0,0,0,,,[],,False,False
1062,d,a,190,9,2012,1,40.0,2012.0,"['Feb', 'May', 'Aug', 'Nov']",2012-09-01,True,True
1063,a,c,6250,0,0,0,,,[],,False,False
1064,a,c,420,0,0,0,,,[],,False,False
1065,a,a,1290,0,0,1,35.0,2011.0,"['Mar', 'Jun', 'Sept', 'Dec']",,False,True
1066,a,a,3350,0,0,0,,,[],,False,False
1067,d,c,12020,7,2009,0,,,[],2009-07-01,True,False
1068,d,c,5010,0,0,1,5.0,2013.0,"['Jan', 'Apr', 'Jul', 'Oct']",,False,True
1069,a,c,18050,0,0,1,14.0,2011.0,"['Jan', 'Apr', 'Jul', 'Oct']",,False,True
1070,c,c,400,10,2008,0,,,[],2008-10-01,True,False
1071,a,a,820,3,2012,1,35.0,2012.0,"['Mar', 'Jun', 'Sept', 'Dec']",2012-03-01,True,True
1072,a,c,5380,8,2015,1,5.0,2010.0,"['Feb', 'May', 'Aug', 'Nov']",2015-08-01,True,True
1073,a,c,1710,0,0,1,44.0,2012.0,"['Jan', 'Apr', 'Jul', 'Oct']",,False,True
1074,c,c,3330,10,2001,1,14.0,2011.0,"['Jan', 'Apr', 'Jul', 'Oct']",2001-10-01,True,True
1075,a,c,1410,10,2013,0,,,[],2013-10-01,True,False
1076,a,c,90,0,0,1,1.0,2013.0,"['Jan', 'Apr', 'Jul', 'Oct']",,False,True
1077,a,a,3750,11,2001,1,35.0,2010.0,"['Mar', 'Jun', 'Sept', 'Dec']",2001-11-01,True,True
1078,d,c,670,0,0,1,40.0,2011.0,"['Jan', 'Apr', 'Jul', 'Oct']",,False,True
1079,a,a,16680,0,0,1,37.0,2009.0,"['Jan', 'Apr', 'Jul', 'Oct']",,False,True
1080,a,a,2410,0,0,1,40.0,2014.0,"['Jan', 'Apr', 'Jul', 'Oct']",,False,True
1081,b,a,400,3,2006,0,,,[],2006-03-01,True,False
1082,c,a,440,4,2002,0,,,[],2002-04-01,True,False
1083,d,c,11540,0,0,1,5.0,2013.0,"['Feb', 'May', 'Aug', 'Nov']",,False,True
1084,a,a,190,0,0,1,13.0,2010.0,"['Jan', 'Apr', 'Jul', 'Oct']",,False,True
1085,c,a,4030,2,2015,0,,,[],2015-02-01,True,False
1086,a,a,180,11,2013,1,18.0,2011.0,"['Feb', 'May', 'Aug', 'Nov']",2013-11-01,True,True
1087,d,c,2210,11,2011,0,,,[],2011-11-01,True,False
1088,a,a,4300,3,2009,1,27.0,2013.0,"['Jan', 'Apr', 'Jul', 'Oct']",2009-03-01,True,True
1089,d,a,5220,5,2009,0,,,[],2009-05-01,True,False
1090,a,a,330,0,0,1,14.0,2011.0,"['Jan', 'Apr', 'Jul', 'Oct']",,False,True
1091,a,c,9990,0,0,0,,,[],,False,False
1092,a,a,300,7,2000,1,40.0,2014.0,"['Jan', 'Apr', 'Jul', 'Oct']",2000-07-01,True,True
1093,c,c,10450,6,2009,0,,,[],2009-06-01,True,False
1094,d,a,2380,3,2013,1,40.0,2014.0,"['Jan', 'Apr', 'Jul', 'Oct']",2013-03-01,True,True
1095,a,a,690,6,2007,1,14.0,2011.0,"['Jan', 'Apr', 'Jul', 'Oct']",2007-06-01,True,True
1096,a,c,1130,0,0,1,10.0,2014.0,"['Mar', 'Jun', 'Sept', 'Dec']",,False,True
1097,b,b,720,3,2002,0,,,[],2002-03-01,True,False
1098,a,a,1830,11,2004,0,,,[],2004-11-01,True,False
1099,a,c,200,4,2013,1,14.0,2013.0,"['Jan', 'Apr', 'Jul', 'Oct']",2013-04-01,True,True
1100,a,a,540,0,0,1,14.0,2011.0,"['Jan', 'Apr', 'Jul', 'Oct']",,False,True
1101,d,c,4060,9,2012,0,,,[],2012-09-01,True,False
1102,a,a,850,11,2012,1,40.0,2014.0,"['Jan', 'Apr', 'Jul', 'Oct']",2012-11-01,True,True
1103,d,c,1340,10,2006,1,5.0,2013.0,"['Feb', 'May', 'Aug', 'Nov']",2006-10-01,True,True
1104,d,a,260,2,2012,1,14.0,2011.0,"['Jan', 'Apr', 'Jul', 'Oct']",2012-02-01,True,True
1105,c,c,330,11,2008,1,5.0,2013.0,"['Feb', 'May', 'Aug', 'Nov']",2008-11-01,True,True
1106,a,c,5330,9,2011,1,31.0,2013.0,"['Jan', 'Apr', 'Jul', 'Oct']",2011-09-01,True,True
1107,a,a,1400,6,2012,1,13.0,2010.0,"['Jan', 'Apr', 'Jul', 'Oct']",2012-06-01,True,True
1108,a,a,540,4,2004,0,,,[],2004-04-01,True,False
1109,c,a,3490,4,2011,1,22.0,2012.0,"['Jan', 'Apr', 'Jul', 'Oct']",2011-04-01,True,True
1110,c,c,900,9,2010,0,,,[],2010-09-01,True,False
1111,a,a,1900,6,2014,1,31.0,2013.0,"['Jan', 'Apr', 'Jul', 'Oct']",2014-06-01,True,True
1112,c,c,1880,4,2006,0,,,[],2006-04-01,True,False
1113,a,c,9260,0,0,0,,,[],,False,False
1114,a,c,870,0,0,0,,,[],,False,False
1115,d,c,5350,0,0,1,22.0,2012.0,"['Mar', 'Jun', 'Sept', 'Dec']",,False,True
